Escuela,Cant. Reservas,Años,Cant. Años,Último Año,Contacto (último),Teléfono (último),Email,Niveles,Total Chicos,Sección,Otros Contactos,Otros Teléfonos
SAN RAFAEL,29,"2017, 2018, 2019, 2022",4,2.022,GABRIELA,45660462 / 1167835547||,,"J, 2A, 1, 3, 5, 3B, 2B, 4, 6, 2",1.322,Teatro,MARIA ROSA | SILVINA | ANALIA,1121762790 | 1151550712 | 1159555947
LIBERTADORES,26,"2017, 2018, 2019, 2022, 2023, 2025",6,2.025,VERONICA,1165219201,karina.raymundo@fds-esc.edu.ar,"2, 5",3.252,"Teatro, Viajera",14 | 17 | 19,25 | 50 | 57
GUADALUPE  $45.000,22,"2017, 2018, 2019, 2022, 2023, 2024, 2025",7,2.025,MICA,1156681398,,"2, 3, 1, 4",1.283,Teatro,MARIA | FLORENCIA | M ELSA,1130426833 | 1132426833 | 1138040787
ECEA,19,"2017, 2018, 2019, 2022",4,2.022,NOELIA,1521889413,,"2, 23, 4, 1, 3, 600",1.192,Teatro,YOLANDA | CARLA | SUSANA,1132310553 | 1150042439 | 1158503355
DIVINA PASTORA,18,"2017, 2018, 2019, 2025",4,2.025,CAROLINA,1158548545,,"1, 3, 4, 2, 5",561,Teatro,MARIANELA | PATRCIA | PATRICIA,4635 7435 | 4635 7435   1173244 009 | 4635 7435  117324 4009
JUGUETERIA,18,"2017, 2018, 2019, 2022, 2025",5,2.025,129,11,,"10, 7, 3",2.732,Teatro,3 | 6 | 9,5 | 17 | 47
19 DIST 15,17,"2017, 2018, 2019, 2022, 2024",5,2.024,ANDREA,1130842509,,"6, 4, 1, 2, 5, 12",844,Teatro,ALEJANDRA | SILVANA | DORA BETINA,1121775933 | 1551474762 | 155461 0107
LUJAN PORTEÑO,16,"2017, 2018, 2019, 2023",4,2.023,KARINA,155041088,,"2, 6, 5, 1, 3",406,Teatro,,4612 9541 | 4612 9541  155041088 | 155804 1088
CUENTOS,15,"2017, 2023, 2025",3,2.025,ABDREA CASTRO,1161568382,,,1.828,"Teatro, Viajera",8 | 23 | 24,76 | 78 | 152
ORSINO,15,"2017, 2018, 2022",3,2.022,RUTH,1568736939,,"2, 6, 5, 1, J, 4, 3",1.015,Teatro,SILVIA | SILVIA SIANCIO | MARIANA,4581 8001 | 4581 8001  15368 81386 | 4581 8001  15616 28880
WASHINGTON,15,"2017, 2018, 2019, 2022, 2023",5,2.023,LUCIA,1158622263,,"6, J, 5, 800",559,Teatro,PAOLA | MAGALI | MIRANDA,1158622363 | 4778 3855 | 4772 8131
LOMAS DE NUÑEZ,14,"2017, 2018, 2019, 2024",4,2.024,FERNANDA,1169690127,,"J, 4, 2, 1",506,Teatro,GABRIELA | ALEJANDRA VICE | MARISA,4703 1168 | 4703 1168  1561359057 | 4703 1168  1535637926
PERPETUO SOCORRO,14,"2017, 2018, 2019, 2023, 2024, 2025",6,2.025,SILVINA,1155260073,,"J, 2, 1, 1Y2",766,Teatro,BELEN | ROMINA | SILVIA MORANDI,115134640 | 1161052509 | 4567 1175
SAINT EXUPERY $90.000.,13,"2017, 2018, 2019, 2022, 2024, 2025",6,2.025,JEREMÍAS,1165011278,,"J, 4, 3",364,Teatro,CAROLINA | LORELEY | lereley,1135662205 | 4433 2769 | 15356 62205
GIRASOLES,12,"2017, 2018, 2019, 2022, 2024",5,2.024,ARIEL - MELI - DANI- ALV,1134995929,girasolesescuelaactiva@gmail.com,"4 6, J1, J2, 467, J, 12, 23, J  1, J 3G, 1",811,"Teatro, Viajera",GABRIELA REY | GABRIELA| | GABRIELA VICE,1151324799 | 4648 1285 | 15313 24799
MARIA REINA,12,"2017, 2018",2,2.018,ALEJANDRA,155958 2967,,"5, 3, 1, 6, 56, 4",526,Teatro,CLAUDIA | CAROLINA | CAROLINA45191703,4924 3119 | 154914 7580 | 154914 6580
NTA SRA ROSARIO,12,"2017, 2018, 2019, 2022, 2024, 2025",6,2.025,ANABELA,1135794080,secretariainicial@insr.edu.ar,"J, 1, 5, 3",322,"Teatro, Viajera",VERONICA | SILVIA VANESA INT 44 | CARLOS,1136397339 | 4784 6788 | 4784 6788  15363 97339
14 DIST 16,11,"2019, 2022, 2023, 2025",4,2.025,PATRICIA,1150493686,,"13, 4, 123, 1, 3, 5Y7",439,Teatro,CINTIA | MARIELA | MNONICA,1136024593 | 1165962601 | 1532154486
2 DIST 17,11,"2017, 2018, 2019, 2022",4,2.022,BEATRIZ,1165364924,,"12, 567, 34, 47, 21, 123",493,Teatro,GRACIELA | GRACIELA VICE | VANINA,4501 2716 | 4501 2716   156705 0544 | 4501 2716  1559782592
4 dist 16,11,"2017, 2018, 2019, 2022",4,2.022,PAULA,150088013,,"5, 1, 3, 2",1.161,Teatro,VIVIANA | ANA | VIVIANA 1168671961,1150088013 | 1159604912 | 156364 1932
19 DIST 10,10,"2017, 2019, 2022, 2023",4,2.023,GLADIS 1565614674,1156381597 MONICA,,"123, 4",357,Teatro,JORGE | MARTA | MARTA GLADYS,15226 50503 | 4543 5920 | 4543 5920  1553268779
CAMINITO,10,"2019, 2022, 2025",3,2.025,133,7,,"5, 1, 2, 7, 6, 3",778,Teatro,36 | 65 | 75,2 | 36 | 52
CARLOS STEEB,10,"2018, 2019",2,2.019,SILVINA,4582 9838  15512677 32,,3,356,Teatro,,5682 9838   155126 7732 | 5682 9838     155126 7732
ESC DEL PARQUE $90.000,10,"2018, 2019, 2022, 2023, 2024, 2025",6,2.025,DANI,1133821106,,"J, J1°, 1, 123, 5, 2",541,Teatro,FLORENCIA | DANIEL | DANI  5 ENTRADAS,1156047776 | 4958 6100     1555 964095 | 4958 6100 155596 4095
MODELO SARMIENTO,10,"2019, 2023",2,2.023,LUPE,1557622487,,"12, J, 5, 4",386,Teatro,,4683 1620  155762 2487 | 4683 1620   1557622 487 | 46831620  155762 2487
VELEZ SARSFIELD $90.000,10,"2017, 2018, 2019, 2022, 2025",5,2.025,CECILIA,1160297814,,"3, 2, 1, 4",676,Teatro,ROMINA | GISELLE | CECILIA  2 X 1,5263 2620 | 5263 2620  1560297814 | 4644 4570  1565890079
10 DIST 17,9,"2017, 2018, 2019",3,2.019,GABRIELA,4501 7636  1163612987,,"45, 1, 47, 12, 67",295,Teatro,PATRICIA | LAURA | MARIA LAURA,4501 7636 | 4501 7636  115820 8382 | 4501 7636  1558208382
12 DIST 15,9,"2017, 2019, 2022, 2024",4,2.024,VALERIA,1151174498,,"2, 4, 45, 12, 3, 1",530,Teatro,MARTA | MATTA | VALERIA 4541 3434,15601 98710 | 15 511 74498 | 156019 8710
15 DIST 10  $90.000,9,"2018, 2019, 2025",3,2.025,MIQUI,1131913473,,"1, 2, 3",405,Teatro,JOHANA | GISELA | MARIEL,1138989923 | 1139584295 | 1149480565
3 DIST 16,9,"2017, 2018, 2019, 2023",4,2.023,MONICA,1155236151,,"5, 2, 1, 3",417,Teatro,GISEL | ADRIANA | LAURA ANALIA,156052 4421 | 4571 1108 | 4571 1108  155826 0895
GASCON $90000,9,"2017, 2018, 2019, 2023, 2025",5,2.025,NATALIA,1169804256,,"12, 4, 45, 4Y5",253,Teatro,GRACIELA,1155260073 | 4772 7087 | 4772 7087 156980 4256
16 dist 18,8,"2017, 2019",2,2.019,ADRIANA,4641 0486  1557461154,,"56, 1, 4, 2, 5",239,Teatro,SUSANA,4641 0486
23 DIST 17,8,"2017, 2018, 2019",3,2.019,NATALIA,4501 8689  152651 3259,,"2, 1, 3",325,Teatro,ALEJANDRA | MARIA | MARIA ALEJANDRA,4501 8669 | 4501 8689 | 155967 2331
6 DIST 12,8,"2017, 2018, 2022",3,2.022,JORGELINA,1559924268,,"45, 34, 14, 123",320,Teatro,MARGARITA,4581 8527 | 4581 8527  15567 24233 | 4581 8527  155672 4233
9 DIST 10,8,"2017, 2018, 2019",3,2.019,MARISA,4701 3400  156556 3560,,"123, 2, 4, 3, 5",349,Teatro,ANA CUGINI | MARIA | SEBASTIAN,4701 3400 | 116035 5692 | 1562 2809606
DEL LIBERTADOR,8,"2018, 2019, 2022",3,2.022,CLAUDIA AGENCIA,1150016497,,"2, 1, 8, 3, J",508,Teatro,CLAUDIA | CLAUDIA 115016497,115016497 | 4924 3119        15563888930 | 4924 3119    15563 88930
MARIANISTA,8,"2017, 2022, 2023",3,2.023,ELIANA VICE,1138186267,,"j, J, 5, 1",680,Teatro,FLORENCIA | FLORENCIA 126 | ELIANA,4988 0774
NUMEN,8,"2017, 2018, 2019",3,2.019,CECILIA MARTINO,4632 0545  1540351716,,"1, 3, 2",242,Teatro,CAROLINA | CECILIA,4632N0545 | 4632 0545 | 4632 0545  154035 1716
SWoRN,8,"2017, 2018, 2019, 2024, 2025",5,2.025,FLOR,1121588176,,"J, 4, 2, 3, 2Y3",361,Teatro,ANA | HERNAN | INES,1168655005 | 4552 2498 | 4552 2498  154530 7042
12 DIST 16,7,"2018, 2019",2,2.019,YANINA,4572 8226  153638 6384,,"J, 2, 45, 25, 1",206,Teatro,MARCELA | MONICA | VIVIANA,4571 9381  15327256 92 | 4574 4754  153622 5647 | 4572 8226  153427 0911
20 DIST 7,7,"2017, 2018, 2019",3,2.019,FLAVIA,4902 1431  15659121 30,,"45, 4 5, 75, 2, 123, 4",300,Teatro,MARTA | LILIANA | MARIELA,4902 1431 | 4902 1431    1132417080 | 4902 1431 156798 2525
24 DIST 17,7,"2017, 2018, 2019",3,2.019,CAMILA,4567 8257  156475863,,"12, J, 5, 2, 4",248,Teatro,CECILIA MART | 4501 7100 MARIA MARTA | EDUARDO,4567 8257 | 4567 8257  155497 1247 | 4567 8257   153763 7353
ABC,7,"2017, 2019, 2022",3,2.022,CECILIA,1541790666 LOLI,,J,318,Teatro,DOLORES | VICTORIA,4544 5761 | 4544 5761  1141834474 | 4544 4761  1141834474
BEATA IMELDA,7,"2018, 2019",2,2.019,MARIA LAURA,4522 7643  155523 3578,,"2, J",267,Teatro,MARINA | GEORGINA | LAURA,4521 8764 15506 10533 | 155973 9214 | 4522 7643  155523 3576
CUMELEN,7,"2017, 2018",2,2.018,OLGA,1130930142,,"J, 1, 5, 3, 2",216,Teatro,ANDREA | OLGA QUIROGA,0220 4864 882 | 0220 4864882 155337 0301 | 0220 4864882 1130930142
EMPANADAS,7,2017,1,2.017,16,246,,,1.291,Teatro,9 | 15 | 55,56 | 95 | 215
HERNANDEZ,7,2017,1,2.017,CRISTINA,4768 0251,,"6, 5",280,Teatro,,
LINCOLN $90.000,7,"2017, 2018, 2025",3,2.025,LULI,1165953680,,J,284,Teatro,LAURA | DEL SOLAR,4772 1337 | 772 1337 | 21323945    1552226 2331
MISERICORDIA,7,"2017, 2018, 2019, 2025",4,2.025,1157329766,VIVI,,"J, 3, 4, j",322,Teatro,MARIANA | MARCELA | florencia,4632 0026 | 4805 5478 | 4805 5478  156292 4480
NTRA SRA ROSARIO  $90.000,7,"2019, 2022, 2023, 2025",4,2.025,VERONICA,1136397339,,"J, 1, 5",214,Teatro,1165152163 | SUSANA,116510099 | 4784 6788 15363 97339 | 4784 6788  15363 97339
NUEVOS AIRES,7,"2017, 2018, 2019",3,2.019,SILVIA,4567 8970  156588 0716,,"2, 3, J, 123",297,Teatro,SILVINA | DANIELA | ROXANA,4567 8970 | 4545 4602 | 4567 8970  155821 4727
OAK HILL,7,"2018, 2022, 2023, 2024, 2025",5,2.025,MARIA,1158979858,,"2, 45, J",245,Teatro,CELESTE OUTON | MARIA PRAT GAY,4703 4304 | 47034304  1158979858 | 48127699  1158979858
SAGRADA FAMILIA,7,"2017, 2018, 2023",3,2.023,SILVINA,1155260073,,"1, 56, 4, 5, 3",497,Teatro,MARIA | FERNANDA | LEANDRA,4601 1105 | 0237 4626648 | 0237 4626648  1167015093
SAGRADO CORAZON,7,2017,1,2.017,LuCIA,15414 0960,,"1, J, 2",376,Teatro,CAROLINA | MARCELA,4519 1703 | 4983 0033
SAGRADO CORAZÓN,7,"2018, 2019",2,2.019,JENIFER,4766 7022  1570248382,,"J, 2",237,Teatro,ANTONELLA | LAURA X WASAP,4983 0033  153854 2899 | 4840 0084  1156183123
SAN PIO X,7,"2017, 2018, 2019",3,2.019,CINTIA ARIAS,153584 6919,,"2, 1, 3",336,Teatro,VALERIA/LEONOR | SOLANA,4683 0702 | 4683 0702 1539 318649 | 4683 0702  1539318649
24 DIST 14,6,"2017, 2018, 2019",3,2.019,LAURA,4581 5852  113597 8669,,"345, 45, 4, 34",269,Teatro,MARINA PASCUA | CARLA | MARIAN,4581 5852 | 4581 5852  156421 8289
25 DIST 18,6,"2017, 2018, 2019",3,2.019,DARIO,4641 2722  1531141423,,"4, 12, 123",236,Teatro,CARLA | GISEL | PERLA PANTAROTO,4641 2722 | 4641 2722  1531111043 | 4641 2722    1561204253
30 DIST 9,6,2019,1,2.019,ESTELA,4772 0922  15694438 62,,"3, 12, 2, 1",310,Teatro,,4772 0922  156944 3862 | 4772 0922 1569443862
6 Y 7 DIST 12,6,2019,1,2.019,ALEJANDRA,4581 8527  113348 9138,,"2, 1, 3",189,Teatro,,
7 DIST 9,6,"2018, 2019, 2022, 2023",4,2.023,TAMI,1168753222,,"12, 123, 3, J",319,Teatro,DORIS | MARA | CARMEN,1158032773 | 1562 288 663 | 4552 0172  1530703977
DEL PARQUE,6,"2017, 2018, 2019",3,2.019,CINTITA,4464 3188  1544112887,,"2, J",262,Teatro,PAOLA LOBRUTO | FLORENCIA | GISELA,15419 43842 | 4958 6100 | 4464 3188    1534767417
ESC DE LA PAZ,6,"2017, 2022, 2023, 2024",4,2.024,MARTÍN EPICO,1140239423,,"4, 5",220,Teatro,CECILIA WILLIMAS | MARIANELA,1133294510 | 1161124541 | 4904 3033
ESPIRITU SANTO  $360.000,6,"2017, 2019, 2025",3,2.025,ROXANA  AGENCIA,1149912109,,"J, 1, 2",516,Teatro,EVANGELINA | LAURA | PAULA,4671 7874 | 4581 4640 | 4671 7874  1564540915
GRAL BELGRANO,6,"2017, 2019, 2024",3,2.024,SANDRA,1153487817,,"J, 3",312,Teatro,KARINA | ROXANA KARINA,4624 2813 | 4624 1813 | 4624 2813  1131723101
HERMANOS MARISTA,6,2023,1,2.023,MARCELA,,,"J, 1 C",330,Teatro,,
J 6 HURLINGHAN,6,"2017, 2019",2,2.019,LUCIANA,4450 8828  1536061861,,J,206,Teatro,CAROLINA,4450 8828
JOSE HERNANDEZ,6,"2018, 2022, 2025",3,2.025,FER,1160101348,,"5, 4",329,Teatro,CRISTINA | VERONICA,1555293481 | 4768 0251  1556 186798
LASALLE FLORIDA,6,"2018, 2019, 2022",3,2.022,DIANA,1144090857,,J,224,Teatro,DIANA  INT 239,4971 4333  14409 0857
LIMERIK,6,"2017, 2018, 2019",3,2.019,SABRINA,4612 3833  156445 1192,,J,173,Teatro,LAURA | 4612 8337,4612 3833 | JULIETA | 4612 3833  1564451192
MASTER COLLEGE,6,"2017, 2018, 2019",3,2.019,PAULA,4576 0140  1568300 572,,"J, 12",261,Teatro,LUCIA | LOURDES | NATALIA,4576 0141 | 4576 0140 | 4576 0141 116350 1181
MILTON,6,"2017, 2018, 2022, 2023",4,2.023,MARIA JOSE,1159274645,,"1, 3",180,Teatro,NATALIA | TERESA,1130673634 | 4624 1160 | 4624 1160 1566577437
MISERICORDIA FLORES,6,"2019, 2023",2,2.023,ROXY,1157086224,,J,206,Teatro,MARIANO,4632 0026  1554016062
NTA SRA CARMEN,6,"2018, 2019, 2022",3,2.022,GRACIELA,4577 7658 1550237906,,"5, 1, 123, 4",262,Teatro,ADRIANA | MARE MENESES | Mmare,1550237906 | 4521 5322  11407 487125 | 4757 7658  1563008211
RAMOS MEJIA,6,"2018, 2019, 2022, 2025",4,2.025,LAU,1121668383,,"2, 1",173,Teatro,PATRICIA | ROXANA | SUSANA,1130974578 | 4654 8529 15504 35298 | 4654 8529  1159779825
SAN ANTONIO,6,"2017, 2018, 2019",3,2.019,ELIZABETH,4762 5021 1564506352,,"4, 1, 2",205,Teatro,CRISTINA | CRISTINA VERONICA | CRISTINA|,4762 5021 | 4762 5021  1550226732 | 4762 5021  156450 6352
SAN CAYETANO,6,"2018, 2019, 2022",3,2.022,LORE,1160139924,,"123, 45, 2, J, 4",337,Teatro,ADRIANA | ANDREA | CELINA,4781 0889  1567669356 | 4781 0889  156766 9356 | 4766 2195 / 15658663903
SAN JOSE FLORES,6,"2017, 2019",2,2.019,ANDREA,4612 -5958  156307 9352,,J,311,Teatro,,156307 9352
SAN RAMON NONATO,6,"2018, 2019, 2024",3,2.024,LORENA,1157198993,,"123, 12, 5 Y 4",352,Teatro,PAOLA,4567 8392  1525051933
STA M DE NAZARETH,6,2017,1,2.017,LORENA,4541 5253,,"3, 2, 1, 4, 5",360,Teatro,,
STA MARGARITA,6,"2017, 2019, 2022, 2024",4,2.024,SILVIA,1162188911,,"1, 3, 1 Y 2, 4",210,Teatro,ELIZABETH | LUJAN,4521 4942 | 1564 506352 | 4551 2000  1536 585651
SUSSINI  $90.000,6,"2017, 2023, 2025",3,2.025,FLOR,1162824597,,"J, 12, 56, 2, 5",320,Teatro,MARIA | MARIA DEL CARMEN | PRISCILA GIELLO,1161922731 | 1154 720087 | 4631 6954
1 DIST 16,5,"2018, 2022, 2023",3,2.023,ROSARIO,1169228982,,"23, 123, 1",232,Teatro,MONICA | ABRIANA B,1558692320 | 4501 8138  1565280808
10  dist 12,5,"2017, 2022",2,2.022,EMILIANO,isman@bue.edu.ar,,"3, 2, 12",191,Teatro,geraldina | MONICA | GERALDINA,4566 3743
12 DIST 10,5,"2017, 2018",2,2.018,PATRICIA,4544 4123  1165490289,,"2, 1",135,Teatro,,4544 4123 | 4544 4123  156549 0289
13 DIST 13,5,"2017, 2019",2,2.019,NANCY,4682 0185  155991 2664,,"12, 45, 4",229,Teatro,PATRICIA,4682 0185 | 4682 0145 | 4862 0185  1559912664
13 DIST 16,5,"2017, 2022",2,2.022,DANIELA,1168006983,,"123, 1, 12",197,Teatro,IVANA | ANDRES,4572 4992 | 4571 4992
14 dist 15,5,"2017, 2018, 2022",3,2.022,LORE,1133771432,,"J, 123, ESP||",230,Teatro,VIVIANA | MARTA,1523 285248 | 1523 28524 | 152328 5248
16 DIST 17,5,"2017, 2019, 2022",3,2.022,MARISA,1568588867,,2,224,Teatro,GABRIELA | MONICA,4568 4483 | 4568 4483  1567181221
18 DIST 18,5,"2017, 2019",2,2.019,VERONICA BIBLIOT,4567 5637  154673 9893,,"4, J, 123, 23, 5",211,Teatro,SANDRA | ANDREA | VANESA,4565 563| | 156250 9346 | 4567 5637
24 DIST 16,5,"2018, 2019, 2022",3,2.022,MARIANELA||,1536149512// 4517335,,"34, 123, 2, 12",167,Teatro,MARY | PATRICIA | MARIANO,1157801924 | 4571 7335   153622 0359 | 4571 7335  153448 0918
3 DIST 20,5,"2017, 2018, 2019",3,2.019,ROSA,4641 0275 1535901268,,"23, 56, 123, 4",319,Teatro,ROSA/ PATRICIA | GABRIELA | YAMILA,4641 0275 | 4641  0275 153590 1278
4 DIST 13,5,"2017, 2018, 2019",3,2.019,MIRTA,4682 1678  1133862934,,"5, 12, 4, 6",365,Teatro,MONICA NORMA | MARIANA | mirta,4682 1678 | 155725 7062 | 4682 1678  1533862934
9 DIST 17,5,"2017, 2018, 2019",3,2.019,LORENA,4566 5170  1126441493,,"45, 23, J, 123",191,Teatro,VIRGINIA | SILVIA | NATALIA,4566 5170 | 4501 7100  156536 6870
AMAPOLA,5,"2017, 2018, 2019",3,2.019,BIANCA,4831 3914  1531195637,,J,131,Teatro,DIANA | MARCELA AMATO,4831 3914 | 4548 4845  1531195637
BUENOS AIRES,5,"2018, 2019, 2022",3,2.022,AGUSTÍN,1151814932,,"3, 4, J1 C||",209,Teatro,"AGUSTIN | ,MIRTA DIRE",4855 8299   15518 14932 | 4854 3882  1531946739
EMAUS,5,2017,1,2.017,CAROLINA,1558 48545,,"2, 4",175,Teatro,,15585 48545 | 15585485 45
FELIX BURGOS,5,"2018, 2019",2,2.019,ROMIN,15441 02891,,5,206,Teatro,ADRIANA | ROMINA,15511 79061
FRENCH $180.000,5,"2017, 2018, 2019, 2022, 2025",5,2.025,SILV,1137868076,,"3, 4",267,Teatro,SILVANA | SILVANA WALTER | AGUSTINA,4248 2494 | 4248 2494 42024481 | 4248 2494  1537868076
J 930 V ZAPIOLA,5,2017,1,2.017,ANALIA,4769 4632,,J,155,Teatro,,
LA CANDELARIA,5,"2017, 2018",2,2.018,FILOMENA,4672 8890  156747 5555,,"5, 12",222,Teatro,MICAELA | NOELIA,4672 8890 | 4672 8890  11312871 05
LA PEQUEÑA ALDEA,5,2025,1,2.025,KARI - MONICA FLORES VICE,1143996381,,,,Viajera,VERONICA | FLOR | ADRIANA MARTINEZ,1124516014 | 1157230381 | 1162524310
MI PEQUEÑA CIUDAD,5,"2017, 2018, 2019",3,2.019,MIRIAM,5285 8072  155694 3337,,J,141,Teatro,JANINA | LAURA,4576 3416 | 155584 5770 | 116482 6056
NOLASCO,5,"2017, 2019, 2024",3,2.024,LORENA,1161291274,nolascosecretariaprimaria@gmail.com,J,149,"Teatro, Viajera",LAURA | ROSANA,4581 4640 | 4581 4640  1549912109
NORMAL 1,5,2019,1,2.019,BELEN,4812 5602  156560 5611,,"4, 2",372,Teatro,GASTON 4º,5142 6807
RIO DE LA PLATA,5,"2019, 2022",2,2.022,BERENICE,1155856464,,J,155,Teatro,,4823 1917 1555856464 | 4823 1917  1555856464
SAN ANDRES,5,"2017, 2018, 2019",3,2.019,JULIANA,472006 37   15303484 42,,1,198,Teatro,LAURA,15303 48442 | 15398 31498
SAN JOSE LINIERS,5,2017,1,2.017,ROMINA,4503 9248,,"1, 3",152,Teatro,LUCIANA,4641 0892
SAN PEDRO,5,"2018, 2023",2,2.023,MARIA PIA,1536121335,,"2, J",291,Teatro,MARTIN | LAURA,4566 0343  1540239423 | 1167882627 46391165
SAN RAMON,5,"2017, 2024",2,2.024,LORENA,1157198993,,"123, 45, 1",380,Teatro,VIVIANA,4567 8392
STA TERESITA,5,"2017, 2018",2,2.018,SANDRA AVERGINO,4513 6744  1530334715,,"1, 5",192,Teatro,NATALIA | LIS 113647669,4513 6744 | 4521 0422
TOMAS DEVOTO,5,"2017, 2019, 2022, 2024",4,2.024,ARA,112347873,,"5, 1, 3, 4",289,Teatro,VALERIA | MARIANA | GIMENA,1153778760 | 1166504199 | 4571 2019
13 DIST 19,4,"2017, 2018, 2022",3,2.022,GRACIELA FERREYRA,49189800,,"3, 4",222,Teatro,ADRIANA VICE | ADRIANA | BEATRIZ BIBLIO,4918 9800 | 4918  9800  15619 59158
14 DIST 10,4,"2017, 2018, 2019",3,2.019,ALEJANDRA GISELA,4542 9918  1540620098,,"4, 12",162,Teatro,ALEJANDRA | ANGELICA,4542 9918 | 114434 2816
14 DIST 9,4,"2017, 2018, 2019",3,2.019,SEBASTIAN,4772 9560  1562 809606,,"5, 2, 4",150,Teatro,AILEN | NATALIA CERESEDA | NATALIA,15504 78478 | 4772 9560  1523828090 | 4772 9650 1523828090
15 DIST 18,4,2017,1,2.017,4567 2485,GABRIELA,,"567, 4, 2",260,Teatro,ANDREA | GABRIELA,4567 2485 | 4567 4485
15 DIST 7,4,"2017, 2018",2,2.018,CECILIA,4982 9706          5 5695 99 998,,"J, 45, 1, 12",155,Teatro,GABRIELA | CECILIA PETRARCA | LOLA,4982 9706
16 DIST 7,4,"2017, 2018",2,2.018,CANDELA,4584 0390  114095 0979,,"5, 1",208,Teatro,NATALIA | NATALIA MAGALI,4584 0390 | 11409 50979
2 DIST 18,4,"2017, 2019, 2022",3,2.022,VERO,1151340762,,"4, 123, 2",193,Teatro,CARINA | EPICO MARTIN,4566 9158 | 4566 9158   1540239423
20 DIST 2,4,2018,1,2.018,NORA,4862 9561  155895 570,,"3, 12",302,Teatro,,
22 DIST 10,4,"2018, 2019",2,2.019,ALICIA,4784 5875  1538785107,,"4, 3, 6 Y7",252,Teatro,MONICA BIBL | MONICA | LUCIANO,1560 474809 | 4784 5875  1560474809 | 1551 139851
3 DIST 11,4,"2017, 2018, 2019",3,2.019,PAULA,4671 2095  1555 050822,,"4, 13, 12",211,Teatro,SUSANA 1568082196 | CAROLIN | OLGA,156808 2196 | 4671 2095 | 4671 2095  1168082196
3 DIST 8,4,"2017, 2018, 2019",3,2.019,carolinareising@gmail.com,4432 4515     1121778886,,"5, 123, 12",174,Teatro,VERONICA | SUSANA | SUSANA BIBLIO,4432 4515 | 4432 4515   116308 5202
5 DIST 9,4,"2018, 2019, 2022, 2024",4,2.024,BRUNO,1167115113,,"4, 1",177,Teatro,NATALIA | ROXANA AGENCIA,1132180110 | 4772 6455  156711 5113 | 4773 9799  1145590078
7 DIST 17,4,"2017, 2019",2,2.019,ROSARIO,116922 8982,,"2, 5, 4",176,Teatro,MARIA,1169228982 | 4581 6082
9 DIST 18,4,"2017, 2018, 2019",3,2.019,SILVIA,15687 33735,,"6, 2, 4",178,Teatro,MERCEDES GIORDANO | CARMEN,4566 2084 | 156873 3735 | 4566 2084  113199 2401
ALEMAN TEMPERLEY,4,2017,1,2.017,MARIA  OJO!!,4244 1163 INT 2,,"4, 90, 1",177,Teatro,MARIANO | NATALIA | MARA,4244 2832 | 154078 4561
AMANECER $45.000,4,"2017, 2025",2,2.025,VIVIANA,1133126815,,"123, j, 2",224,Teatro,GISELA 1553343131,4605 4797
ARBOLITO CABILDO,4,2023,1,2.023,SANDRA,1124571649,sandravillalba80@gmail.com,,,Viajera,SUSI TOMBETA,1126669504
ARGENTINA SCHOOL,4,"2019, 2025",2,2.025,LUCIANA,155643856,,J,103,Teatro,VICTORIA RUIZ | VICTORIA,1171300441 | 4552 0520 15317408025 | 4552 0520 1531 748025
BETANIA,4,"2017, 2018",2,2.018,ROXANA TRANSP,4581 4640 154991 2109,,"4, 1, 2",119,Teatro,LAURA,4581 4640
CABILDO ARBOLITO,4,2023,1,2.023,PATRICIA  VICE,151322823,institutoparroquialdelamerced@gmail.com,,,Viajera,ALEJANDRA DIRE,23015-4355360
CANGALLO,4,"2018, 2019",2,2.019,VIVIANA,4953 5527  1541691731,,"23, 3",150,Teatro,VANESA VIVIANA,
CHOCOLATE MONDONGO,4,2023,1,2.023,LORENA FERNANDO PEDRO,1132580169 P,nolascosecretariaprimaria@gmail.com,,,Viajera,PAOLA,1141985660
DA VINCI,4,"2017, 2018",2,2.018,MARIELA,1568200 341,,"SEC, 5",199,Teatro,LEONARDO | NORMA,4737 5313 | 4737 5313  1560526996
DEL ARCE $90000,4,"2019, 2023, 2025",3,2.025,ERIKA,1130595573,,"J, 45",173,Teatro,MARIEL,1123864216 | 4772 1902  156919 2501
DIVINA PROVIDENCIA,4,"2018, 2019",2,2.019,ANDREA,4702 8270  1557967508,,J,185,Teatro,,4702 8270  1169688 778
EL GATO CON BOTAS,4,"2017, 2019",2,2.019,MICAELA,4654 3989  156469 2676,,J,110,Teatro,SANDRA,4654 3989
EL LUCERO,4,"2017, 2022",2,2.022,CAROLINA,1163778272,,"4, 5, 3, ESP",57,Teatro,MARIELA,4898 9153
ESC DEL SOL,4,"2017, 2019",2,2.019,GABRIELA,4553 6009  1168870263,,"3, SEC, 2",188,Teatro,MARIAN JOSE | ROMINA,4553 6009 | 4299 1226 | 4553 6009 - 6532
EXELSIOR,4,"2017, 2018",2,2.018,VANESA,4632 2430  153425 8865,,"1, J",88,Teatro,MICAELA,4639 2430 | 4632 2430
FAIRY TALES,4,"2019, 2022, 2023",3,2.023,vicki ugarte,1166558050,,"J, j",97,Teatro,LAURA,1164816446 | 4873 7461  1564816446
GAYNOR,4,"2017, 2018, 2019, 2022",4,2.022,NANCY,1162363355,,"2, 5, 1, 123",151,Teatro,SILVIA,4552 6401 | 4552 6401  155161 1929 | 4552 6401  1562363355
GUEMES,4,"2017, 2022",2,2.022,DEL SOLAR,1552489813,,"2, 3",252,Teatro,,4450 1312
HNOS AMEZOLA,4,"2017, 2018",2,2.018,ANDREA,4462 4671   156725 3500,,1,120,Teatro,,4652 5775
HUERtO DE LOS OLIVOS,4,"2018, 2019",2,2.019,FABIANA,116498 9563,,"2, 3, 1",244,Teatro,,11649 89563 | 4799 8903
INMACULADA,4,"2017, 2019, 2024",3,2.024,PATRICIA Y HERNAN,1130301011,secretaria.inmac@gmail.com,"2, 3, 45",244,"Teatro, Viajera",HERNAN BOSCO | HERNAN,4911 1345 | 15444 83929 | 4911 1345 154448 3929
J 916 CARAPACHAY,4,2017,1,2.017,ANALIA,4735 3576,,J,95,Teatro,,
J 923 PALOMAR,4,"2017, 2018",2,2.018,MARIELA AMALIA,4443 4119  1567026219,,J,110,Teatro,MARIELA | VIRGINIA,4443 4119
JARDIN 910 SAN MIGUEL,4,2018,1,2.018,PATRICIA VICE,116043 6228,,J,180,Teatro,PATRICIA,
JESUS EN EL HUERTO,4,"2018, 2019",2,2.019,FABIANA,116498 9563         2X1,,"2, 1",201,Teatro,,1564989563 | 156498 9563
JESUS MARIA,4,2017,1,2.017,ESTELA MARIS,4302 3583,,"J, 3, 12",218,Teatro,MARIA JOSE | ESTELA,4300 2468 | 15610 44632
LUCERO DEL ALBA,4,"2017, 2018, 2019",3,2.019,GISEL,4798 1916  154196 2876,,"6, 2, 4, 45",112,Teatro,MARIELA | 4798 4898 NOELIA,4898 9153 | 4798 1016 | 4898 9153  15588 01755
NTA SRA FATIMA,4,"2018, 2019",2,2.019,SONIA,1528 492837,,"1, 3",194,Teatro,FERNANDA | MELINA PULINET,1524650018 | 4919 8978  15653 99374
NTA SRA LOURDES,4,"2018, 2019",2,2.019,MARTA Y LILIANA,02320 480631  1151789048,,"1, 4, J",298,Teatro,LILIANA | CARLOS | VIVIANA,115247 3678 | 4769 8985  155054 0676 | 4631 2383  153344 0188
PUERTA ABIERTA,4,"2017, 2018, 2022",3,2.022,CLAUDIA 115016497,1150016497,,"45, 1, 2, 3",202,Teatro,VIVIANA | GEORGINA | GABRIELA,4760 8146 | 4566 0552 1568064834 | 15603 91285
SAN CIRANO,4,"2017, 2018, 2019",3,2.019,NADIA,4431 7069  1151319366,,"3, 5",360,Teatro,FLORENCIA | ADRIANA SAFORES,156034N2675 | 4431 7069 | 4431 7069 1160342675
SAN JAVIER,4,"2023, 2024, 2025",3,2.025,ANGELA,1161111839,,"12, 2",364,Teatro,ROSA,11611118139
SAN VTE PAUL,4,"2018, 2019",2,2.019,ANDREA,15639 9613,,"5, 2, 1, 3",120,Teatro,,1156399613 | 115639 9613 WASAP | 115639 9613
SANTIAGO APOSTOL,4,"2017, 2019",2,2.019,CECILIA,4954 6637 155914 3096,,"4, 2, 5",157,Teatro,,4954 6637 | 4954 6637  1559193096 | 4954 6637 155919 3096
SCHILLER,4,"2017, 2019",2,2.019,MARIANA,4501 5929  156495 6327,,"3, 4, 12, J",171,Teatro,FERNANDA,4504 6264
STA MAGDALENA,4,"2017, 2018, 2019",3,2.019,CLARA,4790 3881  153168 8574,,"2, 1, 3",118,Teatro,MARIA | MARTINA,4790 3881 | 4790 3881  154194 3994
STA ROSA DE LIMA,4,"2017, 2018",2,2.018,ROMINA VILLEGA,4762 4051  1558124473,,J,115,Teatro,ROMINA,4762 4051
TOMAS EDISON,4,"2017, 2018",2,2.018,ANALIA,4977 7564  144973 2186,,"1, 4",310,Teatro,ANALIA LAURIA,4977 7564 | 4977 7564   154973 2186
UNITED HIGH,4,2023,1,2.023,ANALIA,1166290211,,1,182,Teatro,CINTIA,1158696978
VALLE GRANDE,4,"2017, 2018, 2019, 2022",4,2.022,LILIANA,1161770936,,"123, 13",219,Teatro,CAROLINA | CAROLINA LILIANA,4566 3935 | 4566 3935  156177 0935
VILLA ADELINA,4,2023,1,2.023,GRACIELA,1157732686,,4,188,Teatro,,
VIRGEN NIÑA,4,"2017, 2019",2,2.019,PAULA,4505 0081  1566255487,,J,128,Teatro,,4505 0081
1 DIST 1,3,2018,1,2.018,PAOLA,4822 9110/ 156958554,,J,150,Teatro,,4822 9110  156958 554
1 DIST 19,3,2019,1,2.019,GISELA,4923 9002  1537798077,,"J, 4",155,Teatro,GRACIELA,4611 3771  155178 7823
11 DIST 16,3,"2017, 2022, 2024",3,2.024,MONI,1121934979,,"4, 2, 1, 2, 4",109,Teatro,GABRIELA VICE | ADRIANA,1544358045 | 4572 5388
11 DIST 18,3,"2017, 2019",2,2.019,VIVIANA NORA ALICIA,64672 3823 1165450679  1133208999,,"3, 2",124,Teatro,GRACIELA RAMOS,4671 1135
14 DIST 17,3,"2018, 2019",2,2.019,TERESA,4644 1766  15406 40935,,"34, 3, 2",92,Teatro,LUIS,4644 1766  156055 2645 | 4644 1766  1540640935
16 DIST 9,3,"2019, 2022",2,2.022,ANDREA,1559398499,,"456, 123",100,Teatro,NATALIA,4783 3922  1534775315
17 DIST 10,3,"2017, 2018, 2019",3,2.019,CLAUDIO BIBLIOT,4781 0672  156116 1967,,"5, 2",141,Teatro,ROXANA | claudia fernandez,4781 0672 | 4781 0672   1561161 967
17 DIST 14,3,"2017, 2018",2,2.018,SANDRA FIORE,4552 5923,,"45, 12345, 123",212,Teatro,ROSANA VICE | ROXANA,
17 DIST 15,3,"2018, 2019",2,2.019,ALVA VICE,4541 4740  156522 7156,,"12, 123",133,Teatro,KARINA DELGADO | ALBA,4541 4740
17 DIST 16,3,"2018, 2023",2,2.023,VIRGINIA,1167554389,,123,211,Teatro,,4571 2528  156755 4389
17 dist 2,3,"2018, 2019",2,2.019,MARIANA,4863 2923  163768 608,,"4, 3",122,Teatro,natalia biblio | NATALIA NELLY,1140950979 | 11409 50979
19 DIST 12,3,"2017, 2018, 2019",3,2.019,CECLIA PAULA,4582 0957  1536497961,,J,190,Teatro,SAMANTAH | SAMANTHA,4613 8291 | 4582 0957 1565163175
19 DIST 19,3,2018,1,2.018,ROXANA,4637 2020  1568888993,,"2, 5",167,Teatro,JULIETA,4637 2020  1568814644 | 4637 2020  156881 4644||
19 DIST 7,3,"2017, 2018",2,2.018,SABRINA,4581 8369  152678 0810,,"1, 2, 12",98,Teatro,JORGE,4581 8369
2 DIST 15,3,"2017, 2018",2,2.018,FEDERICO BIBLI,4521 2182  1534067323,,"12, 4",220,Teatro,ROMINA | PAULA,153812 6258 | 4521 2182
2 DIST 16,3,"2019, 2022",2,2.022,MARCELA,1123635875,,"5, 1, 3",129,Teatro,GISELa | ANDREA,4572 3491  15560524421 | 4572 3491  1555725332
20 DIST 18,3,"2017, 2019",2,2.019,MA ROSARIO,4641 3115  15649 85422,,"1234, 123",119,Teatro,MELINA,4641 3115
21 DIST 14,3,"2017, 2019",2,2.019,VIVIANA,4854 7859  156353 3486,,"45, 12, 2",126,Teatro,GEORGINA | GISELLA,4362 8688 | 4854 7859
21 DIST 8  90000,3,"2018, 2025",2,2.025,NOELIA,1124505371,,"45, 3, 5",115,Teatro,LILIANA BIBLIO | LILIANA,4921 2541  153344 0188 | 113344 0188
22 DIST 2,3,2019,1,2.019,SERGIO,4861 3431  1138677331,,123,129,Teatro,SERGIO O ROCIO,
23 DIST 18,3,"2017, 2019",2,2.019,MARIBEL,4671 5315   15621 42517,,"2, 4, 3",107,Teatro,PERLA,4671 5315 | 4641 2722  116120 4253
25 DIST 7,3,"2018, 2019",2,2.019,ANDREA,443349 50 1558282523,,"45, 2",121,Teatro,SILVIA (COLE MALE),4433 4950  155828 2528 | 4433 4950  156461 7658
26 DIST 1,3,"2018, 2019",2,2.019,SOL MAERO,1569 355224,,4,141,Teatro,SOL,4804 2359  15693552 24
4 DIST 17,3,"2017, 2018, 2019",3,2.019,noelia,4501 5935  1141708751,,"3, J, 2",190,Teatro,CLAUDIA | PAOLA,4501 5935 | 4641 7167  1541972796
6 DIST 9,3,"2017, 2018",2,2.018,ELIZABETH,4771 1204  116491 9481,,"2, 3",120,Teatro,,4771 1204
6 dist 17,3,"2017, 2018",2,2.018,CLAUDIA,4568 9085       156362 9752,,"123, 1, 12",152,Teatro,MARTA | CLAUDIA BI,4568 9085
7 DIST 16,3,"2018, 2019, 2022",3,2.022,LETICIA,1168830690,,123,206,Teatro,PATRICIA ALVAREZ | PATRICIA BIBLO,4501 4739  156119 4074 | 4501 4739  1561 194074
8 DIST 9,3,"2017, 2018",2,2.018,JESICA,11660 32333,,"2, 3",171,Teatro,MARIA LAURA BIBL | PATRICIA,4771 2047
9 DIST 16,3,"2017, 2018, 2019",3,2.019,ROCIO,457235 58 153172 9790,,"67, 4",119,Teatro,ROMINA (JULIAN) | ALEJANDRA,4572 3558 | 4572 3558 1521933939
9 DIST 8,3,"2017, 2018, 2019",3,2.019,NANCY SECRET,4922 3248  155131 2916,,"4, 2",178,Teatro,ROSARIO | SILVIA,15582 62415 | 156873 3735
A GESSEL 4748 4355,3,2017,1,2.017,SILVIA SIANCIO,155140 7153,,"1, 2",190,Teatro,,
ARG MODELO,3,"2017, 2024",2,2.024,CATALINA,1176028599,,J,49,Teatro,PIA | AGUSTINA,4463 3444 | 4880 6556
BELGRANO 1,3,"2017, 2018, 2019",3,2.019,LAURA|,4786 5629  116275 1126,,"J, 23, 12",103,Teatro,PAULA | LAURA,4786 5629 | 4782 9031  15627511 26
BETH $369.000,3,"2019, 2022, 2025",3,2.025,1149920167,CINTIA,,J,133,Teatro,CINTIA | CINTIA GELER,4899 0205 -103  1536174 4723 | 11449920167
CEFERINO NAMUNCURA,3,"2018, 2024",2,2.024,CARMEN,1133812470,,"2, 3, 5Y6",136,Teatro,RAQUEL FIGUEROA,4763 6886 155574 7538
CERVANTES,3,"2017, 2018, 2019",3,2.019,VICTORIA VEGA,4766 4363  153052 4402,,5,175,Teatro,VICTORIA,4766 4363 | 4766 4363   153052 4402
CONCORDIA $90.000,3,"2017, 2025",2,2.025,1154893262,ELUANA,,"3, 6",80,Teatro,MELBA,4720 7797
CREAR Y SER,3,"2017, 2019",2,2.019,CAROLINA,4627 5009  1558 548545,,"12, 2",168,Teatro,SANDRA,5294 8953
CUENTOS Y SAN MARTIN,3,2025,1,2.025,VANI BARLOTA DIRE,1137868076,,,,Viajera,VALERIA TARUSELLI | ANI,1150126579 | 1154565230
DEL MIRADOR,3,"2017, 2023",2,2.023,LAURA MARTIN,1140239423,,"4, 3",146,Teatro,DANIELA,4501 9742
DEL SOL,3,"2017, 2018",2,2.018,GABRIELA,4553 6351 11688 70263,,"2, 3",123,Teatro,BEATRIZ /6009,4553 6351 | 4553 6009 156887 0263
DEVOTO SCHOOL,3,2019,1,2.019,NORBETO,1160 501584,,"J, 3",189,Teatro,ALEJANDRA,4502 7676 153565 1249
ECLESTON,3,"2018, 2023",2,2.023,SILVIA,1159403405,,"4, J",81,Teatro,MARINA,4631 2255  155039 4790
ESC 1DIST 10,3,2022,1,2.022,PAULA,47841640,,"2, 600",180,Teatro,,
ESC CRIST MARTINEZ,3,"2017, 2019",2,2.019,MARIA ANGELES,113860 2639,,"J, j",136,Teatro,ANALIA,4717 6700
ESTRADA,3,"2017, 2022",2,2.022,CAROLINA,1149147580,,"2, 4",108,Teatro,ANAHI,4659 5202
EXPEDICIONARIOS,3,2017,1,2.017,MALENA,153219 7339,,1,96,Teatro,,
GLAUX,3,2018,1,2.018,IRMA,4501 5781,,123,152,Teatro,ESDIAN,
INST  MAIPU,3,2017,1,2.017,ADRIANA,4753 1989,,"2, 3",96,Teatro,,
J 906 HAEDO,3,2017,1,2.017,CAROLINA,1549147580,,J,60,Teatro,,1549 147580 | 15491 47550
JINB DIST 12,3,2017,1,2.017,ADRIANA,4583 8766,,J,256,Teatro,,
JUANA AZURDUY,3,"2024, 2025",2,2.025,CAROLINA,1149147580,,2,101,Teatro,NATALIA,1141993943
JUGUETE,3,2017,1,2.017,14,244,,,696,Teatro,9 | 33,239 | 263
LAS CUMBRES,3,2017,1,2.017,ANGELICA,4804 1205,,J,124,Teatro,,
LOMAS NUÑEZ,3,"2023, 2025",2,2.025,FERNANDA,1169690127,,1,92,Teatro,MARISA,1135637926  47031168
LORENA MACIEL,3,"2022, 2023",2,2.023,1133231132,1133231132,,"4, 5",45,Teatro,PUBLICO,
LOS LEONES,3,"2017, 2018",2,2.018,CAROLINA,4519 1703  154914 7580,,"2, J, 123",132,Teatro,,1549147580 | 154912 7580
LOS ROBLES,3,"2017, 2018, 2024",3,2.024,RUTA RAMAL PILAR,1150057985,vherranz@losroblespilar.esc.edu.ar,J,87,"Teatro, Viajera",NATALIA,4826 1301 | 4822 2008    15303 00703
LOURDES,3,"2017, 2018",2,2.018,LILIANA,115247 3678,,3,95,Teatro,GABRIELA FLORENC,4631 2383
MARIO ALSINA,3,2018,1,2.018,LUCIA,4602 6719,,"4, 3",164,Teatro,,
MORULI,3,2017,1,2.017,SILVANA,4545 6802,,J,281,Teatro,CLAUDIA,
NTA SRA LUJAN,3,"2019, 2022",2,2.022,LUCI,1165119695,,3,161,Teatro,ANDREA | MARCELA,153629 6489 | 4572 3466  152283 2339
NTA SRA MILAGROS,3,"2017, 2019, 2022",3,2.022,ANALIA,46717325  1575409659,,"J, 1",168,Teatro,AMALIA,4671 7325 | 4771 7325  15654096 59
NTA SRA MONSERRAT,3,"2017, 2019",2,2.019,FLORENCIA,4383 7817  15568 2524,,"123, 4",161,Teatro,MARTA,4383 7817
NTA SRA REMEDIOS,3,2017,1,2.017,NATALIA 46839101,154071 23 07,,5,93,Teatro,NATALIA | NATALIA46839101,4683 9101 | 154071 2307
OAKHILL,3,"2017, 2019, 2024",3,2.024,MARIA- PAGADO,1158979858,,J,89,Teatro,SOL 7799 | SOL,4812 7699
PATROCINIO SAN JOSE,3,"2017, 2019",2,2.019,ANDREA,4784 4500 1541592151,,"123, 45",221,Teatro,NORMA | SILVANA,4784 4500 | 15625 81814
RECONQUISTA,3,"2023, 2024",2,2.024,CECILIA,1157230381,,J,92,"Teatro, Viajera",,
ROBERTO ARLT,3,"2019, 2022",2,2.022,STELLA |,1561044632,,"2, 3",199,Teatro,LUCIA | STELLA,1537689578
SAN BARTOLOME,3,"2017, 2018, 2019",3,2.019,ANGELINA,4921 4440  15 6271 7839,,"123, 1",132,Teatro,CECILIA | CECILIA VICA,4921 4440
SAN EDUARDO,3,"2017, 2025",2,2.025,SO,1138388301,,"123, 1, 2",201,Teatro,MIRIAM,1133180792 | 4796 5562
SAN FCO ASIS,3,"2019, 2022",2,2.022,SILVIA,1133210159,,4,100,Teatro,SILVIA CORDES,4703 2155  113321 0159
SAN IGNACIO,3,"2017, 2018, 2019",3,2.019,NATALIA,4799 2703  1550491157,,"2, 1",115,Teatro,CATALINA 4799 6480 | CATALINA O CLAUDIA,4799 2703 | 4799 2703    1538690142
SAN ISIDRO LABRADOR,3,"2018, 2019, 2025",3,2.025,ANI,1168085651,,4,182,Teatro,MARTA LATORRE | PAULA VORSIC,4702 6286  1561108093 | 2702 6286  1558364007
SAN JOSÉ DE FLORES,3,2018,1,2.018,ANDREA,15630 79352,,1,110,Teatro,,
SAN LUCAS,3,"2018, 2024",2,2.024,MIRIAM,113318072,,"1, 4Y",121,Teatro,PAULA | MARIAN,1150031416 | 4799 8421   155949 8481
SAN LUCAS ESCOBAR,3,2025,1,2.025,MARCELA,1139145468,,"5TO, 4, 2",111,Teatro,VICTORIA,1124499797
SAN MARON,3,"2017, 2018, 2025",3,2.025,LUJAN,1132473029,,"67, 123, 7",172,Teatro,CRISTINA NUÑEZ | STELLA MARIS,5252 3470 | 4311 7299  152637 8416
SAN MARTIN ANDES,3,"2017, 2018",2,2.018,STELA MARIS,1562 044632,,"4, 2",128,Teatro,STELLA MAIRIS | STELLA MARIS,1561044632 | 4302 3583
SAN PIO,3,"2018, 2022",2,2.022,CINTIA,1135846919,,"1, 3",114,Teatro,PAOLA,11417 91042
SAN TARSTICIO,3,"2017, 2018, 2019",3,2.019,VICTORIA,4822 2150  116219 7598,,J,83,Teatro,,4822 2150 | 4822 2150  1562197598
SAN VICENTE PAUL,3,"2017, 2024",2,2.024,CANDE,1132290429,,"5, 3",123,Teatro,CECILIA SAUCEDO,4635 3792
SANTA CLARA,3,"2022, 2023",2,2.023,ALICIA,1165593159,,"12, 3",145,Teatro,LUCIA DIAZ,1168532659
SANTA CLARA DE ASIS,3,"2019, 2023",2,2.023,SILVIA,1133210159,,"6, 3",157,Teatro,SILVIA CORDOBA,4541-9911  // 1133210159
SANTA MAGDALENA,3,"2018, 2019",2,2.019,CLARA,4790 3881  1531618574,,2,81,Teatro,MARTINA,4790 3881   1541943994
SCHILLER SCHULE,3,2018,1,2.018,FERNANDA,153903 9304,,"12, 3, 1",99,Teatro,,153903093 04
SRA DEL CARMEN,3,2017,1,2.017,GLADIS,4757 7658,,"1, 23",113,Teatro,CLAUDIA,4924 3119
STA CATALINA $90.000,3,"2017, 2019, 2025",3,2.025,ANDREA,1161591052,,"J, 1, 4",176,Teatro,VALERIA INT 132,4552 4353 INT 152 | 4552 4353  1551162429
SUSINI,3,"2018, 2019, 2024",3,2.024,FLOR,1162824597,,"45, 25, 3",148,Teatro,PRISCILA | CARLA,3966 9705 PART  4631 6954 | 156196 3085
UNITED HIGH SCHOOL,3,2018,1,2.018,CINTIA,4783 3006/9  155869 6978,,"1, 2, 4",167,Teatro,,4783 3006/9  15586 96978
WARD,3,"2017, 2018, 2022",3,2.022,LORENA,1161768127,,"J, 3",174,Teatro,FERNANDA | SILVINA,156507 0696 | 1557 577721
ZACCARIA,3,2019,1,2.019,MARIA DEL CARMEN,inst_zaccaria@yahoo.com.ar,,"4, 123",188,Teatro,MARIA DE CARMEN,430 22895 19016  155 1630813
$90.000 SAN FERNANDO HURLINGHAN,2,2025,1,2.025,LILIANA,1130849003,,4,136,Teatro,,
1 DIST 15,2,"2017, 2018",2,2.018,GABRIELA,5197 6296  154692 5556,,"12, 1",151,Teatro,VIVIANA,4521 1543
1 DIST 17,2,"2017, 2018",2,2.018,CLARA BIBLIO,155048 7205,,1,79,Teatro,CLARA,4501 0529
10 DIST 9,2,2019,1,2.019,ANDREA,4772 1716  155606 9473,,2,48,Teatro,LUCIANA,4772 1716  1154693003
10 RAMOS MEJIA,2,2019,1,2.019,ELIZABETH,4657 5088  116704 1149,,"3, 4",86,Teatro,PATRICIA,116559 0564
10.30 hs,2,2023,1,2.023,70,32,,,76,Teatro,,
11 DIST 10,2,"2017, 2018",2,2.018,ESTER (FACTURA),4788 1759 155826 5526,,"34, 56",70,Teatro,ESTHER,4788 1759
11 DIST 12,2,2017,1,2.017,STEFANIA,4568 4808,,"12, 34567",99,Teatro,MARIANA,
13 DIST 21,2,2018,1,2.018,PAULA,4601 1165 156898 4221,,"12, 123",222,Teatro,ALICIA,4602 6055  15392 37573
14 DIST 18,2,2017,1,2.017,MARCELA,4642 8772,,"1, 4",72,Teatro,GUSTAVO,4431 1110
14.15 HS,2,2023,1,2.023,200,15,,,430,Teatro,,
147 CIUDAD EVITA,2,"2017, 2018",2,2.018,ANALIA,4487 5117    156172 46000,,"5, 4",139,Teatro,,4487 5202
15 DIST 12,2,2018,1,2.018,LUCIA,4613 2865  1561840537,,123,180,Teatro,,
15 DIST 15,2,"2017, 2019",2,2.019,CAROLINA Y ELISA,4541 5200  1559604912,,"23, 12",172,Teatro,GABRIELA,15302 75369
16 DIST 12,2,2018,1,2.018,IVANA,4566 7411  156830 1993,,"123, 6",133,Teatro,ROXANA,4566 7411   1536850900
16 DIST 14,2,2018,1,2.018,SUSANA VICE,4581 4699  156452 4028,,45,38,Teatro,,
16 disdt 17,2,2018,1,2.018,MARISOL,4568 4483  156297 2666,,2,88,Teatro,,
17 DIST 17,2,"2017, 2024",2,2.024,CARLA,1135635638,,"1, 1 Y 6",79,Teatro,MARIA DE ANGELES||,15405 49412
17 SAN ISIDRO,2,2017,1,2.017,MONICA1130189837,4737 5976,,456,80,Teatro,MONICA|4737 5976,
18 DIST 16,2,"2017, 2018",2,2.018,NATALIA,4572 4049  1537559265,,4,48,Teatro,,4572 4049
18 DIST 9,2,2017,1,2.017,SILVIA,4772 1694,,"123, 456",156,Teatro,,4792 1694
18 SAN ISISDRO,2,2017,1,2.017,SILVINA||,155498 5398,,4,91,Teatro,MONICA,4737 5976
19 DIST 11,2,2018,1,2.018,GRACIELA,4671 1050     1549802767,,"1234, 123",146,Teatro,,4671 1050  1549802767
19 DIST 16,2,"2019, 2022",2,2.022,MARIELA,45714655 | 1151334923,,123,96,Teatro,,4571 4855  155133 4923
19 DIST 2,2,2019,1,2.019,JAVIER,4862 4167  1561765309,,"3, 4",130,Teatro,ROXANA,4862 4167  15265 75965
2 DIST 11 $100.000,2,"2018, 2025",2,2.025,JOHANA,1149697724,,"7, 5",80,Teatro,MONICA JANET,4671 1241  15665 84645
2 DIST 6,2,"2017, 2019",2,2.019,DANIELA,4941 3777  155221 4748,,"3, 1",106,Teatro,ISABEL,15640 80673
2 dist 20,2,2019,1,2.019,SANDRA,4641 3921 153043702,,123,180,Teatro,,4641 3921 1530433502
20 dist 17,2,2018,1,2.018,CINTIA ANDREA,4501 9496  155384 2019,,23,88,Teatro,cintia andrea,
22 DIST 14,2,2019,1,2.019,EUGENIA,4522 0372  116194 5974,,"67, 3",121,Teatro,ROXANA,4093 3988  15570813 81
22 DIST 7,2,2018,1,2.018,MARILU,4854 6778  154916 8563,,"J1, 14",114,Teatro,GISELA LOPEZ,
22 HURLINGHAN,2,2017,1,2.017,LUIS MARTINEZ,4665 3168,,6,82,Teatro,LAURA,
22 dist 17,2,2019,1,2.019,LORENA,4567 4573  1556599307,,"1 a 5, 123",113,Teatro,MIRIAM,4567 4573  1557467684
24 DIST 15,2,"2017, 2018",2,2.018,MERCEDES,4546 0690  156272 87 47,,"45, 123",115,Teatro,MONICA,156973 0242
26 DIST 15,2,"2017, 2019",2,2.019,MONICA,4552 4004  1159069523,,"12, 2",70,Teatro,MARIANO||,4552 4004
29 TRES DE FEBRERO,2,2019,1,2.019,GRACIELA,4657 9144 156523 4808,,6,44,Teatro,,
3 DIST 18,2,"2018, 2019",2,2.019,VERONICA,4566 4798  1539038566,,"34, 123",70,Teatro,,4566 4798  1539028566
30 DE FLORENCIO VARELA,2,2019,1,2.019,TATIANA,4268 4000   1140288 54,,4,240,Teatro,,
4 DIST 18,2,2018,1,2.018,CLAUDIA GATUSO,4566 2031  15573 3946,,23,78,Teatro,,
5 dist 6,2,"2018, 2019",2,2.019,YAMILA,4931 3198  11325588158,,"2, J",89,Teatro,,4931 3198  1135588158
6 DIST 6,2,2019,1,2.019,JUANITA,4943 0553  1568085123,,4,85,Teatro,,4943 0553 156808 5123
6 dist 5,2,2017,1,2.017,CRISITNA,4304 8350,,"2, 4",113,Teatro,cristina,
7 DIST 12,2,"2017, 2022",2,2.022,SILVIA TOÑACA,1524887658,,"J, 2",135,Teatro,ADRIANA,4583 8766
7 SAN FERNANDO,2,2017,1,2.017,MARIA,4714 7131,,6,60,Teatro,,
8 DIST 16,2,2017,1,2.017,GABRIELA,4501 4837,,"35, 45",78,Teatro,,
8 dist 8,2,"2017, 2018",2,2.018,KARINA,4922 9831  156162 8844,,"5, 4",71,Teatro,KARINA 5,4922 9831
9 DIST 15,2,2022,1,2.022,SILVANA,1121775933,,,76,Teatro,,
912 HURLINGHAN,2,2017,1,2.017,ADRIANA,15356 54855,,J,50,Teatro,,
A TOGNONI,2,2019,1,2.019,LUCIA,4773 3216  1541 57840,,"12, 23",73,Teatro,BELEN,4773 3216  1126669748
ALEGRIA Y CAMINITO,2,2025,1,2.025,PAULA DIRE,1164542033,,,,Viajera,ALEJANDRA DIRE,
ALETHEIA,2,"2017, 2024",2,2.024,LAU,1135841008,,"4, 1",99,Teatro,JULIA,4961 0814
ALSINA,2,2018,1,2.018,FLORENCIA,4602 6719   153463888,,12,195,Teatro,,
ANDERSEN PACH,2,2022,1,2.022,ERIKA,1164677065,,"3, 1",156,Teatro,,
ANGELES CUSTODIOS,2,2019,1,2.019,ROMINA,4661 1998  1544102891,,5,77,Teatro,,
AQUÍ ESTOY,2,"2017, 2018",2,2.018,SILVIA DIRE,4925 0257  154074 2978,,J,48,Teatro,SILVIA,4925 0527
ARCO IRIS,2,2023,1,2.023,CINTIA,1123198741,,12,80,Teatro,,
ARG B F MORENO,2,2019,1,2.019,LAURA,4644 2075   116493 8589,,J,100,Teatro,,
ARGENTINA MODELO $45.000,2,"2017, 2025",2,2.025,CATALINA,1176028599,,J,28,Teatro,MERCEDES,4880 6558
ARGENTINO COREANO,2,2019,1,2.019,MARTIN LOPEZ TURISMO,15402 39423,,"123, 4567",100,Teatro,,
ARNOLD GESSEL,2,2023,1,2.023,SILVIA,1151407153,,1,134,Teatro,,
BERTHIER,2,2023,1,2.023,NURIA,1530933125,,2,94,Teatro,,
BETEL,2,2018,1,2.018,ELI,4554 3202   153180 2227,,"1, J",99,Teatro,RAQUEL,4554 3203 155794 2432
BETHER,2,2017,1,2.017,NURIA,15309 33125,,"J, 1",162,Teatro,DANIELA,155857 6068
BETHIER,2,2017,1,2.017,NURIA,4671 8664,,"2, 23",115,Teatro,,
BUENOS AIRES V CRESPO,2,2017,1,2.017,AGUSTIN IUSSIG,4854 3882,,4,29,Teatro,,
C CULT ITALIANO,2,"2018, 2019",2,2.019,MAYRA,4766 7398  155053 9436,,"1, 2",72,Teatro,FLORENCIA,4766 7398  155757 3223
CANTO A LA VIDA,2,2017,1,2.017,ESTELA DIRE,4601 0607,,j,68,Teatro,,
CARDENAL COPELLO,2,2019,1,2.019,MERY,4504 7822  15366259 55,,J,124,Teatro,BELEN,4504 7822  113561 0746
CARDOSO,2,2017,1,2.017,LETICIA,4750 0811,,J,115,Teatro,,
CASTRO BARROS,2,"2017, 2022",2,2.022,GABRIELA,1133802122,,"5, 4",108,Teatro,PAULA FIERI,4202 5802
CELESTIBLANCA,2,2019,1,2.019,167,63,,,124,Teatro,154,76
CELSTIBLANCA,2,2019,1,2.019,22,252,,,394,Teatro,50,180
CENTES 3 SIT 18,2,2017,1,2.017,VIVIANA,4567 1439,,J,30,Teatro,,
CHILAVERT,2,2018,1,2.018,MANUEL,47200 637 1538140667,,1,95,Teatro,,
CHOCOLATE . MONDONGO,2,2023,1,2.023,PATRICIA,1138002330,,,,Viajera,,
CHOCOLATE Y MONDONGO,2,2025,1,2.025,CELESTE,46391185,,,,Viajera,,
CIUDAD JARDIN,2,"2017, 2018",2,2.018,ANDREA,4751 0376   153429 2106,,4,95,Teatro,MELISA,4751 0376
COPELLO,2,"2017, 2018",2,2.018,KARINA,4501 3029 / 1535106555,,"2, 3",200,Teatro,NATALIA,4501 3029
CORAZON EUCARIST. LA PLATA,2,2019,1,2.019,MARIA LAURA,0221 4227511    2216381974,,2,74,Teatro,,0221 4227511   2216381974
CRISTO MAESTRO,2,2017,1,2.017,FERNANDA,4568 0225,,"123, J",114,Teatro,BLANCA,
CUENTOS SAN MARTIN,2,2023,1,2.023,SILVIA,1164908017,silviapompei@hotmail.com,,,Viajera,,
DA VINCI BOULGNE,2,2019,1,2.019,MARIELA,4737 5313  156820 0341,,5,126,Teatro,,
DAMASO,2,"2017, 2025",2,2.025,ROSANA AGENCIA,1149912109,,"J, 2",145,Teatro,M ELENA,4771 9637
DAMASO CENTENO,2,"2017, 2022",2,2.022,HELENA,11409664594,,J,131,Teatro,MARIA ELENA,4771 9637
DE LA PAZ,2,2017,1,2.017,NATALIA,4602 9300,,1,121,Teatro,,
DE LA RECONQUISTA,2,2018,1,2.018,CECILIA,4749 8617 1557230381,,J,50,Teatro,,
DEL CARMEN,2,2019,1,2.019,KARINA,4521 5322 1565450064,,J,42,Teatro,,
DI BRUNO,2,2017,1,2.017,ADRIANA,4766 4529,,1,102,Teatro,ROBERTO,4776 4529
DULCISIMO,2,"2017, 2019",2,2.019,CAROLINA SASSO,4541 9796  153364616,,"J 12, 123",114,Teatro,MARIA ROSA,4541 9796
EDISON,2,"2018, 2022",2,2.022,ROSA,1156948779,,"2, 4",100,Teatro,ANALIA,4977 7564 1549632186
EDMODO DA MICI,2,2022,1,2.022,GABRIELA,49640513  1549350649,,3,64,Teatro,,
EDMONDO DAMICI,2,2023,1,2.023,GABY,1149370649,,1,80,Teatro,,
EL GATO C BOTAS,2,2017,1,2.017,ALEJANDRA,4654 3989,,J,57,Teatro,,
EP 13 BERAZATEGUI,2,2022,1,2.022,TATIANA,11450288854,,4,100,Teatro,,
EP 14 RAMOS MEJIA,2,2019,1,2.019,MARIANA,4658 1802  155849 4330,,4,88,Teatro,,
EP 29 CIUDADELA,2,2018,1,2.018,LAURA,4657 9144 1526657100,,6,58,Teatro,,
EP 94 MATANZA,2,2023,1,2.023,CAROLINA TRANSP,1149147580,,4,134,Teatro,,
ESC 13 DIST 10,2,2022,1,2.022,RITA,1562502713,,45,100,Teatro,,
ESC 8 DIST 8,2,2017,1,2.017,GABRIELA,4922 9831,,4,60,Teatro,,
ESC ARGENTINA,2,2018,1,2.018,JUANA,4202 0056  1153850928,,"J, 5",130,Teatro,VICTORIA,4552 0520  1531748025
ESC DEL MIRADOR,2,"2024, 2025",2,2.025,FIONA,1133079039,,"2, 5",98,Teatro,FIONA ($122.500 PAGO),
ESC INTEGRAL 4,2,2023,1,2.023,IRINA,1131776975,,,10,Teatro,,
ESCLAVAS,2,2017,1,2.017,ERICA,4771 0890,,J,77,Teatro,,
ESCUELA DE LA PAZ,2,"2018, 2019",2,2.019,CECICLIA,4904 3033  154434 6088,,4,38,Teatro,CECILIA,1544 346088
EUSKALECHEA,2,"2017, 2018",2,2.018,MARCAL MU{OZ,4122 5150   1554916312,,2,209,Teatro,MARIA JOSE,4122 5150
EYMAR,2,"2019, 2022",2,2.022,NOE,1159972459,,1,109,Teatro,SILVIA  ROMINA,50
F FROEBEL RAMOS MEJIA,2,2019,1,2.019,LAURA DIRE,4658 8679  1569544 787,,J,60,Teatro,,
FA DI BRUNO,2,2019,1,2.019,GABRIELA,11392171 82,,"3, 2",100,Teatro,ANA,4776 4529 154184 0358
FAIRY TALE,2,"2017, 2018",2,2.018,LAURA,4813 7461  156481 6446,,J,80,Teatro,,156481 6446
FATIMA,2,2017,1,2.017,MELINA,152465 0018,,1,70,Teatro,,
FELICIA,2,2017,1,2.017,LAURA,4581 4640,,"2, 1",122,Teatro,,
FLORIDA,2,"2019, 2024",2,2.024,FLORIDA DAY SCHOOL,1130081122,karina.raymundo@fds.esc.edu.ar,1,30,"Teatro, Viajera",ALWJANDRA,4760 0674  0291154705165
GATO CON BOTAS,2,2018,1,2.018,MARCELA,4654 3989  1550490606,,J,60,Teatro,,
GATO CONBOTAS,2,2022,1,2.022,FLORENCIA,1135090560,,J,39,Teatro,,
GENERACION TEMPERLEY,2,2023,1,2.023,ANDREA,42444344  1559900690,,123,210,Teatro,,
GESSEL,2,2018,1,2.018,SILVIA CIANCIO,4748 4355   155140 7153,,1,130,Teatro,,
H AMEZOLA,2,2019,1,2.019,KARINA,116725 3500 (ANDREA),,1,60,Teatro,,
HERMANOS MARISTAS,2,2023,1,2.023,MARCELA,2323583548,,2 C,650,Teatro,,
HISTORIAS DE VIAJEROS,2,2023,1,2.023,CECILIA,1150373481,,4,60,Teatro,,
HUELLAS,2,"2024, 2025",2,2.025,CAROLINA,1150031416,,"1Y2, 1",100,Teatro,,
HUELLITAS,2,"2018, 2019",2,2.019,CLAUDIA,5950 8697  1563719545,,J,27,Teatro,,5950 8697   156371 9545
HUERTO DE OLIVOS,2,2018,1,2.018,FERNANDA,4799 8902,,1,100,Teatro,,
INST BALLESTER,2,"2018, 2025",2,2.025,LORE,1168747259,,2,116,Teatro,GABRIELA OLIVA,4768 0760     1153756137
INST EVANGELICO DEVOTO,2,2023,1,2.023,GLADIS,45030538  1562109629,,123,158,Teatro,,
INST I CASANOVA,2,2024,1,2.024,1165590564,PATRICIA,,2,190,Teatro,,
INST STA CLARA,2,2018,1,2.018,SILVIA,4632 6750    156253 5541,,J,120,Teatro,,
IOM,2,2023,1,2.023,CARLA LOURDES,1562113626,,123,94,Teatro,,
J 4 HURLINGHAN,2,2017,1,2.017,NATALIA,4452 7439,,J,79,Teatro,SILVIA,
J 5 HURLINGHAN,2,"2017, 2018",2,2.018,VALERIA,4459 0434  113241 0626,,J,61,Teatro,ANTONELLA,4458 0434
J 903 L MIRADOR,2,2017,1,2.017,AURORA,4454 3171,,J,115,Teatro,,
J 903 MERLO,2,2017,1,2.017,VERONICA,0220 4860855,,J,63,Teatro,,
J 910 PALOMAR,2,2018,1,2.018,MAGALI,4659 4352 1538342509,,J,70,Teatro,,
J 913 LA MATANZA,2,2018,1,2.018,NANCY DIRE,4454 3171  1555282 110,,J,120,Teatro,,
J 929 SAN MARTIN,2,2017,1,2.017,CAROLINA,4769 4481,,"J2, J",108,Teatro,,
J 948 TALAR,2,2019,1,2.019,IRIS,5245 9167 156239 2429,,J,160,Teatro,ADRIANA,5245 9167 15589 53637
J RATON MICUEL,2,2018,1,2.018,SILVININA,4734 5918  153672 1495,,J,105,Teatro,,
J UNIVE GRAL SARM,2,2017,1,2.017,KARINA,44697 563,,J,104,Teatro,,
J. HERNANDEZ D TORCUAT,2,2024,1,2.024,KARINA,1161657372,,4,59,Teatro,,
JARDIN 3,2,2017,1,2.017,ANDREA,4452 7442,,J,60,Teatro,,
JARDIN 923 PALOMAR,2,2019,1,2.019,ANALIA,4443 4119  156702 6319,,J,48,Teatro,,
JARDIN 932,2,2018,1,2.018,LORENA,4486 4466/ 4466 0162 / 1565346761,,J,80,Teatro,,
JARDIN ABC,2,"2018, 2025",2,2.025,LOLI,1141790666,,J,144,Teatro,VICTORIA,4544 5761  114183 4474
JIC 1 DIST 17,2,2018,1,2.018,AMORINA|,152453 1166,,J,94,Teatro,,
JIC 3 DIST 16,2,2017,1,2.017,SILVINA NIGRO,4501 7947,,J,140,Teatro,,
JIC 4 DIST 16,2,2019,1,2.019,MARIA FERNANDA,4521 2400  1567383824,,J,68,Teatro,,
JII 1 DIST 16,2,"2017, 2019",2,2.019,DEBORA KER,4571 6014  15694 70916,,J,130,Teatro,MARIANA LIMA,4571 6014
JII 4 Dist 14,2,2022,1,2.022,ANDREA,4521 8026  1167218010,,J,98,Teatro,,
JIN A DIST 13,2,2019,1,2.019,LORENA,4684 2185  15 55616924,,J,90,Teatro,,
JIN A DIST 15,2,2017,1,2.017,ELISA (OJO),4521 0068,,J,200,Teatro,,
JIN A DIST 16,2,2017,1,2.017,GRACIELA,4571 8554,,J,166,Teatro,,
JIN ESC 7 DIST 18,2,2019,1,2.019,VERONICA,4674 0880  1534657886,,J,70,Teatro,,
JINA DIST 7,2,2019,1,2.019,LAURA,4856 7070  15686 95561,,J,80,Teatro,,
JUGUET LIBR,2,2023,1,2.023,,,,,,Viajera,,
LA ANUNCIATA,2,2017,1,2.017,GABRIELA CORDOBA,4823 4946,,"3, 2",100,Teatro,SONIA PIRIS,115408 9864
LA GRAN SEMANA MAYO,2,2023,1,2.023,,,,,,Viajera,,
LA MERCED,2,2018,1,2.018,MONICA,4312 5771  1568172832,,"J, J1J",141,Teatro,,4312 5771  15681 72832
LASALLE / ROMINA,2,2017,1,2.017,4752 4359 INT  22,11307 00913,,2,129,Teatro,,113070 0913
LELOIR,2,2018,1,2.018,CAROLINA,4692 0027 1558816121,,"23, 3",120,Teatro,,4692 2606  155881 6121
LEON XIII,2,2018,1,2.018,VANESA,4771 9873   155607 3500,,"1J, 23",200,Teatro,,4771 9873 155607 3500
LIBERTAD,2,2017,1,2.017,53,177,,,392,Teatro,33,263
LINCOLN HURLING,2,2017,1,2.017,DEL SOLAR 1552262331,4459 1009,,J,60,Teatro,,
LOURDES FLORES,2,2022,1,2.022,CECILIA,156245521,,3,39,Teatro,,
LUJAN DE LOS PATRIOTAS,2,2017,1,2.017,SABRINA,4687 8645,,J,100,Teatro,,
LUJANPORTEÑO,2,2018,1,2.018,KARINA,4612 9541  1555041 088,,J,48,Teatro,,
M AUXILIADORA,2,2019,1,2.019,VERONICA,4923 2109 / 15582 65075,,"J, 1",58,Teatro,,3923 2109    1558265 075
MAIPU,2,2017,1,2.017,ADRIANA,4753 7989,,1,62,Teatro,,
MANUEL BELGRANO,2,"2018, 2019",2,2.019,PATRICIA,4784 0654 INT 118  1157014064,,2,272,Teatro,CLARA,4784 0654 1540963657
MARC CHAGALL,2,"2017, 2022",2,2.022,CAMILA,1169738107,,"123, 3",99,Teatro,GABRIELA,4639 8872
MARIA MOGAS,2,2022,1,2.022,LUCIANA MATIAS,4687 0890 1152597951,,135,156,Teatro,,
MARISTA BELGRANO,2,2017,1,2.017,EUGENIA FRGUEL,4784 0654,,J,141,Teatro,,
MG BOULOGNE,2,"2017, 2019",2,2.019,SILVIA FRESCO,4763 9733  154196 8960,,"456, 1",173,Teatro,GABRIELA 4763 9733,4763 5223
MICHAEL HAMM,2,"2018, 2024",2,2.024,VIVIANA,1153879154,,2,83,"Teatro, Viajera",,4874 3100 153859 9937
MILENIO 3,2,"2018, 2019",2,2.019,LORENA,4782 9109  155887 7798,,"13, 2",66,Teatro,NATALIA,4782 9109 155587 77693
MISERICORDIA F,2,2017,1,2.017,MARIANA,4632 0026,,J,82,Teatro,,
MONDONGO 13.45,2,2023,1,2.023,70,17,,,106,Teatro,,
MUNDO NIÑO,2,"2018, 2019",2,2.019,ROMINA,4432 9347  1555650726,,J,70,Teatro,ANA,4432 9347  153373 8248
N S.  MISERICORDIA,2,2018,1,2.018,CARLA,4632 0026   156631 2001,,J,83,Teatro,,
NONATO,2,2018,1,2.018,PAOLA,4567 8392    152505 1933,,1,62,Teatro,,
NORDBRIDGE,2,2019,1,2.019,CLAUDIA,4541 6444  1536057978,,"2, 1",126,Teatro,,
NTA SRA ASUNCIÓN,2,2017,1,2.017,MIRIAM,11524 73678,,3,143,Teatro,LILIAN,1152 473678
NTA SRA HUERTO,2,2019,1,2.019,GISELA,4571 7584  116938 7842,,123,120,Teatro,,4571 7584  116938 78 42
NTA SRA NAZARETH,2,"2018, 2019",2,2.019,ADRIANA,4541 6058  1535141439,,"5, J",109,Teatro,LORENA,4541 5253  155920 2500
NTRA DEL ROSARIO,2,2023,1,2.023,VERONICA,1136397339,,J,34,Teatro,,
NTRA SRA DEL CARMEN,2,"2017, 2022",2,2.022,GRACIELA,1550237906,,"1, 56",87,Teatro,GLADIS,4757 7658
NTRA SRA LUJAN FLORES,2,2022,1,2.022,ANALIA,1176499900,,J,79,Teatro,,
NTRA SRA REFUGIO,2,2023,1,2.023,CAROLINA,1124637890,,5,120,Teatro,,
NUEVA EVANGELICA,2,"2017, 2018",2,2.018,NAHIR,4623 9446  1534489 509,,"3, 12",61,Teatro,NAIR 15344 89509,4623 9446
NUEVO SOL,2,"2017, 2018",2,2.018,SILVANA,4902 8005  153094 9517,,J,62,Teatro,,4902 8005
ORIGINARIOS,2,2025,1,2.025,SILVIA,1132149211,,,,Viajera,LUCIA,1140460365
PALERMO CHICO,2,"2017, 2019",2,2.019,CAROLINA,4774 3975 1567426970,,3,118,Teatro,,4774 3975
PATRO. SAN JOSE,2,2023,1,2.023,MACARENA,1150087876  4784455,,12,98,Teatro,,
PATROCINIO,2,"2017, 2022",2,2.022,YANINA,1159950337,,"4567, 12",170,Teatro,NORMA,4784 4500
PEQUEÑO,2,2019,1,2.019,12,218,,,408,Teatro,1,231
PIAGET SAN ISIDRO,2,2023,1,2.023,INES,1135972349,,12,58,Teatro,,
PIO X,2,2017,1,2.017,CARINA,15381 76470,,3,123,Teatro,KARINA,153817 6470
PIO XII,2,2017,1,2.017,ANALIA,4844 0064,,3,180,Teatro,,
PLATERILLO,2,"2017, 2018",2,2.018,MAGUI,4502 8383  15601 37492,,"J, 12",87,Teatro,MERCEDES,4571 9124
PROYECCION 21,2,2023,1,2.023,GABI,1151155386,,1 C,66,Teatro,,
PROYECCIÓN 21,2,2023,1,2.023,BELEN,113029 0959,,1,64,Teatro,,
RATON MIGUEL,2,2023,1,2.023,SILVIA,1536721495,,J,92,Teatro,,
RATÓN MIGUEL,2,2023,1,2.023,SILVINA,1536721495,,j,76,Teatro,,
REDENTRIX,2,"2018, 2019",2,2.019,ROXANA,4581 4640  15499 22109,,4,102,Teatro,NATALIA,4581 1724  1541455 795
REP. ARGENTINA,2,2018,1,2.018,CAROLINA,154914 7580,,3,70,Teatro,,
S A PADUA,2,2018,1,2.018,GABRIELA,4918 0640   156662 8300,,4,61,Teatro,,
S RAMON NONATO,2,2018,1,2.018,PAOLA,4567 3842   1525051933,,45,123,Teatro,,
SALVADOR,2,2017,1,2.017,ALICIA SUAREZ,5237 2500,,"1, 2",177,Teatro,,
SAN AGUSTIN,2,"2017, 2022",2,2.022,AGUSTINA,1121606182,,J,120,Teatro,MARIANA,4802 4724
SAN ANTONIO DE PADUA,2,2019,1,2.019,GABRIELA,4918 0640  1566628 300,,4,63,Teatro,,
SAN BENITO,2,2017,1,2.017,CAROLINA,4772 6571,,"123, 4567",149,Teatro,,
SAN FERNANDO,2,2019,1,2.019,VANESA,4665 0826   1540783749,,2,148,Teatro,PATRICIA,4665 0826  1564 175104
SAN FRANCISCO DE ASIS,2,"2024, 2025",2,2.025,PATRICIA,1159283686,primaria@isfa.edu.ar,1,44,"Viajera, Teatro",CRISOLOGO LARRALDE,1169072919
SAN GREGORIO,2,"2017, 2019",2,2.019,VALERIA,4791 5474  1544463936,,J,84,Teatro,VALERIA INST 112,4791 5475
SAN JOSE DON TORCUATO,2,2019,1,2.019,KARINA ADAMO,4741 6916  /  11616 57372,,4,66,Teatro,,
SAN JUAN MARIA,2,2017,1,2.017,VALERA,4502 5220,,"J, 123",170,Teatro,VALERIA,
SAN MARTIN DE LOS ANDES,2,"2019, 2024",2,2.024,STELLA MARIA,1161044632,,"12, 3",120,Teatro,STELLA MARIS,4307 2165  1561044632
SAN MARTIN DE TOURS,2,"2022, 2025",2,2.025,AMALIA,1168061706,,"3, 123",147,Teatro,ANGELES,1164113871
SAN PIO MATADEROS,2,2019,1,2.019,GABRIELA,11 68197450,,3,95,Teatro,,
SAN VTE DE PAUL,2,"2019, 2022",2,2.022,CAMILA,1164831623,,"5, 1",89,Teatro,ANDREA,4635 3792  156594 8743
SANTA CLARA ASIS,2,"2019, 2022",2,2.022,LAURA,1132766899,,4,65,Teatro,MARIANA,15621 37916
SANTA LUCIA,2,2017,1,2.017,STELA MARIS,4302 3583,,"4 5, 123",120,Teatro,STELLA MARIS,156104 4632
SANTOS GAYNOR,2,2023,1,2.023,PAOLA,1532018604,,123,122,Teatro,,
SCHONTAL,2,2017,1,2.017,ALEJANDRA,4637 1414,,3,124,Teatro,,
SIGLO XXI,2,2017,1,2.017,CAROLINA,15491 47580,,6,55,Teatro,,
ST. MARTIN IN THE FIELDS,2,2023,1,2.023,VICTORIA,1164213873,,12,126,Teatro,,
STA BRIGIDA,2,2018,1,2.018,ALEJANDRA,4581 1268  1563354941,,4,91,Teatro,,
STA BRÍGIDA,2,2019,1,2.019,ALEJANDRA,4581 1268  1563354941,,2,90,Teatro,,
STA CLARA ASIS,2,2022,1,2.022,LAURA,1132766899,,4,60,Teatro,,
STA MA NAZARETH,2,2022,1,2.022,ADRIANA,1535141439,,J,101,Teatro,,4541 6058 | 1535141439
STA MARIA NAZARETH,2,"2018, 2022",2,2.022,ADRIANA,1135141439,,"4, J",164,Teatro,LORENA,4541 5253  155920 2500
STA. BRIGIDA,2,2017,1,2.017,ALEJANDRA,4581 1268,,4,90,Teatro,,
STA. ROSA LIMA,2,2017,1,2.017,ROMINA,4762 4051,,J,62,Teatro,,
TIEMPO DE CRECER,2,"2017, 2019",2,2.019,MICAELA,4308 6203  1559636868,,J,47,Teatro,AYELEN,4308 6203
TIEMPOS MODERNOS,2,2018,1,2.018,VERONICA,4242 2319  15534 90130,,J,68,Teatro,CECILIA,4242 6554  15600 19045
TIERRA SANTA,2,2023,1,2.023,VIVIANA,1150396609,,J,68,Teatro,,
VELEZ SARSFIED,2,2023,1,2.023,CECILIA,1160297814,,2,86,Teatro,,
VIRGEN DEL PILAR,2,2023,1,2.023,PATRICIA,1162824984,,1,50,Teatro,,
VIRGEN DEL PILAR X,2,2023,1,2.023,PAULA SARNA Y DANIEL PAZ,,nivel_primario@ievp.com.ar,,,Viajera,,
stA CECILIA,2,"2018, 2019",2,2.019,CECILIA NORBERT,49220459 1549178616,,ESP0,35,Teatro,CECILIA,DE NORBERTO
1 DIST 18,1,2018,1,2.018,VERONICA TURSI,4567 4917 1565124761,,12,18,Teatro,,
10 DE RAMOS,1,2018,1,2.018,PATRICIA,113980 9872,,16,49,Teatro,,
10 DIS 12,1,2025,1,2.025,DANIELA,1167278957,,2,27,Teatro,,
10 DIST 18,1,2019,1,2.019,PATRICIA,112661715,,4,81,Teatro,,
10 DIST 19,1,2018,1,2.018,ANDREA SANZ,4772 1716 115606 9473,,1,27,Teatro,,
10 DIST 7,1,2018,1,2.018,VALERA,155487 8930,,J,25,Teatro,,
10 dist 12 $90.000.-,1,2025,1,2.025,marisa,1123404575,,j,29,Teatro,,
11 DIST 10 (Factura),1,2018,1,2.018,ESTER BIBLIO,4788 1759  1558265526,,123,80,Teatro,,
11 DIST 13,1,2019,1,2.019,SONIA,4687 0337  1559151704,,4,52,Teatro,,
11 DIST 14,1,2017,1,2.017,MAXIMILIANO,4581 2265,,12,33,Teatro,,
11 DIST 15,1,2017,1,2.017,AGOSTINA,4541 2433,,2,51,Teatro,,
11 DIST 20,1,2019,1,2.019,MARIANA,15494 09542,,2,39,Teatro,,
11 DIST 21,1,2019,1,2.019,NICOLAS,4159 0645  113874 7611,,2,50,Teatro,,
11 DIST 9,1,2017,1,2.017,ANGELA,4831 0746,,1,33,Teatro,,
12 DIST 20,1,2019,1,2.019,GRACIELA,4682 1864  156585 2349,,45,37,Teatro,,
12 DIST 6,1,2018,1,2.018,MARCELA,153272 5692,,J,26,Teatro,,
12 DIST 9,1,2022,1,2.022,LUCIANA,1154693003,,123,40,Teatro,,
126 DE VIRREY DEL PINO,1,2019,1,2.019,CARLA,116761 0000,,1,66,Teatro,,
126 VIRREY DEL PINO,1,2019,1,2.019,CARLA,116761 0000  1523834815,,4,80,Teatro,,
13 DIST 10,1,2017,1,2.017,GRACIELA,4702 5163,,1 A 3,100,Teatro,,
13 DIST 14,1,2017,1,2.017,ALEJANDRA,4581 5059,,45,32,Teatro,,
13 dist 18,1,2017,1,2.017,VIVIANA,4567 0314,,1234,68,Teatro,,
13.45,1,2022,1,2.022,114,86,,,77,Teatro,,
13.45 HS,1,2022,1,2.022,131,69,,,64,Teatro,,
14 DIST 13,1,2019,1,2.019,SILVIA BIBL,4635 1626  15579733 36,,123,66,Teatro,,
14 DIST 16 (5 ENTR PAGA),1,2024,1,2.024,MAETRA MÑ,1134229820,,2,19,Teatro,,
14 DIST 6,1,2022,1,2.022,LAURA,1130038811,,3,39,Teatro,,
14 DIST 7,1,2019,1,2.019,MARCELO,4431 3630  12540685941,,4,25,Teatro,,
14 DIT 16,1,2017,1,2.017,15513 25075 MONICA,4572 1108,,23,46,Teatro,,
146 C. EVITA,1,2018,1,2.018,ANDREA,113125 9674,,4,65,Teatro,,
15 DIST 13,1,2019,1,2.019,ADOLFO,4601 8010  153800 7875,,4,60,Teatro,,
15 DIST 17  $ 90.000,1,2025,1,2.025,CARLA,11356356638,,4,45,Teatro,,
15 DIST 19,1,2019,1,2.019,ROMINA,4701 3923  1561586 6329,,2,50,Teatro,,
15 DIST 20,1,2017,1,2.017,VANESA,4641 3192,,123,67,Teatro,,
15 DIST 6,1,2017,1,2.017,MARIANA,4931 9843,,12,55,Teatro,,
15 DSIT 17,1,2022,1,2.022,CARLA 45010449,1535635638,,123,150,Teatro,,
15 DSIT 20,1,2022,1,2.022,VANESA BIBLO,1162558107,,123,62,Teatro,,
15 SAN MIGUEL,1,2018,1,2.018,MARISA,4465 5170 115745 2561,,2,32,Teatro,,
15 dist 9,1,2019,1,2.019,PAMELA  VICE,4551 5252   156400 3780,,123,66,Teatro,,
16 DIST 10,1,2019,1,2.019,DELIA,4544 2959  1566900530,,123,80,Teatro,,
16 DIST 13,1,2017,1,2.017,CARLA LEIVA,4683 6180,,1234,80,Teatro,,
16 DIST 16,1,2019,1,2.019,ALEJANDRA,4572 2000  1559672331,,123,71,Teatro,,
16 DIST 8,1,2017,1,2.017,JULIA,4981 6615,,1,65,Teatro,,
16 VICENTE LOPEZ,1,2017,1,2.017,LAURA,4790 5047,,4,26,Teatro,,
16 VTE LOPEZ,1,2017,1,2.017,PATRICIA,4790 5047,,2,15,Teatro,,
16 dit 17,1,2024,1,2.024,ceci,1160203665,,4,40,Teatro,,
16 dsit 20,1,2022,1,2.022,cristina,46870063 15932754,,2,54,Teatro,,
167 LA FERRERE,1,2022,1,2.022,GABRIELA,1159287183,,6,60,Teatro,,
169 LA TABLADA,1,2018,1,2.018,FERNANDA,155815 9393,,1,52,Teatro,,
17 DIST 10 al 13 julio,1,2017,1,2.017,ROXANA,4781 0672,,5,47,Teatro,,
17 DIST 11,1,2017,1,2.017,ANA,4671 9760,,12,115,Teatro,,
17 DIST 12,1,2017,1,2.017,MARGARITA,4581 3836,,123,57,Teatro,,
17 DIST 18,1,2019,1,2.019,GONZALO,4566 4499 15662256 72,,123,60,Teatro,,
17 DIST 20,1,2017,1,2.017,MELINA,4631 0072,,345,90,Teatro,,
17 DIST 20 3 de agos,1,2017,1,2.017,MELINA,4641 0072,,2345,129,Teatro,,
17 DIST 7,1,2019,1,2.019,DANA,4854 4505  1123661247,,2,52,Teatro,,
17 HURLINGHAN,1,2017,1,2.017,GABRIELA,4665 3254,,123,60,Teatro,,
17 HURLUNCHAN,1,2017,1,2.017,GRACIELA,4665 3254,,56,38,Teatro,,
18 BOULOGNE,1,2018,1,2.018,MONICA,4737 5976  1530189837,,5,48,Teatro,,
18 DE SAN ISIDRO,1,2017,1,2.017,SILVANA,1554 985398,,4,43,Teatro,,
18 DIST 14,1,2018,1,2.018,IVANA SANCHAE,4553 5347  1567130 730,,123,60,Teatro,,
18 DIST 20,1,2017,1,2.017,ALICIA LOPES,4641 3131,,123,98,Teatro,,
18 SAN ISIDRO,1,2017,1,2.017,MONICA,4765 4115,,4,48,Teatro,,
189 LAFERRERE,1,2018,1,2.018,CAROLINA TRANSP,154914 7580,,J,56,Teatro,,
19 DIST 11  2 X 1,1,2018,1,2.018,GRACIELA,4671 1050    15498 02767,,34,39,Teatro,,
19 DIST 13,1,2017,1,2.017,LORENA,4682 1112,,123,70,Teatro,,
19 DIST 17,1,2018,1,2.018,ALEJANDRA,4502 6437  155958 9717,,2,38,Teatro,,
19 JIN A DIST 12,1,2019,1,2.019,MARIELA,1554 231443,,J,25,Teatro,,
19 MORON,1,2018,1,2.018,NANCY,4627 9438 15441 34472,,56,32,Teatro,,
19 PQUE PEREIRA,1,2018,1,2.018,TATIANA y gladis,154028 8854  156272 0672,,34,64,Teatro,,
19 dist 15 PASO 12 sept,1,2017,1,2.017,alejandra,4543 9344,,5,61,Teatro,,
2 DIST 14,1,2018,1,2.018,YANINA,455 5750  1158078164,,4,47,Teatro,,
2 dist,1,2018,1,2.018,graciela,4501 2716  1567050544,,12,35,Teatro,,
20 DIST 17 14 DE JULIO,1,2017,1,2.017,MARTA,4902 1431,,45,41,Teatro,,
20 DIST 20  $30.000,1,2025,1,2.025,PATRICIA,1160288899,,2,23,Teatro,,
20 dist 10,1,2019,1,2.019,noelia,4782 8373 153838 6520,,2,20,Teatro,,
20 dist 9,1,2018,1,2.018,PATRICIA,4773 4747  1567599996,,2,35,Teatro,,
21 DIST 10,1,2019,1,2.019,CECILIA,1564600237,,1,40,Teatro,,
21 DIST 13,1,2019,1,2.019,EZEQUIEL,4671 5359   1167210 740,,3,43,Teatro,,
21 DIST 15,1,2017,1,2.017,CARLA,4544 4481,,123,60,Teatro,,
21 DIST 17,1,2018,1,2.018,ELEONORA,4501 7234 1561234578,,45,33,Teatro,,
21 DIST 4,1,2017,1,2.017,GEORGINA,4362 8688,,67,42,Teatro,,
22 DIST 15,1,2018,1,2.018,VIVIANA BIBL,4543 3542 155932 4499,,1,32,Teatro,,
23 DIST 14,1,2019,1,2.019,ADRIANA,4581 3420  1556 128676,,34,34,Teatro,,
23 DIST 20,1,2019,1,2.019,MONICA,1157 965898,,1,26,Teatro,,
23 Y 21 JIN D7,1,2018,1,2.018,LORENA,4958 4313  1158338548,,J,36,Teatro,,
24 DE RAMOS,1,2018,1,2.018,ROXANA,4658 1802   1121883602,,5,41,Teatro,,
24 DIST 18,1,2022,1,2.022,NADIA,46412584 1166105910,,23,42,Teatro,,
24 LA MATANZA,1,2018,1,2.018,YOLANDA,4658 1802  1567119656,,4,46,Teatro,,
24 RAMOS MEJIA,1,2018,1,2.018,DEBORA,4658 0214  1134330926,,4,53,Teatro,,
25 DIST 14,1,2017,1,2.017,VANINA,4501 5091,,123,63,Teatro,,
25 DIST 16,1,2019,1,2.019,DARIO,4641 2722 156808 5123,,45,36,Teatro,,
25 DIST 17,1,2019,1,2.019,ROCIO,?????? 4433 9050,,45,49,Teatro,,
25 SAN MARTIN,1,2019,1,2.019,AMALIA,4753 7775   02355 15472490,,34,44,Teatro,,
26 DIST 6,1,2019,1,2.019,FLORENCIA,152571 5569,,6,41,Teatro,,
28 HRULINGHAN,1,2017,1,2.017,SILVIA,4665 4166,,34,62,Teatro,,
29 9 dist 17,1,2018,1,2.018,JULIETA,15586 93954,,J,40,Teatro,,
3 DIS 16,1,2017,1,2.017,MONICA,4571 1108,,1,52,Teatro,,
3 DIST 10,1,2019,1,2.019,LAURA,4571 1108 1530427926,,5,53,Teatro,,
3 DIST 7,1,2019,1,2.019,VICTORIA,4902 1063  1535706868,,2,67,Teatro,,
3 DIST 9,1,2024,1,2.024,MARISA,1140750758,,,31,Teatro,,
3 jb dist 9,1,2018,1,2.018,LILIANA,45771 0670  153572 4582,,J,21,Teatro,,
30 LA MATANZA,1,2018,1,2.018,VERONICA,4488 3260  15616 54689,,45,67,Teatro,,
32 VTE LOPEZ,1,2018,1,2.018,MONICA,156047 4809,,4,32,Teatro,,
4 DE SAN ISIDRO,1,2017,1,2.017,CARMEN,4766 7106,,2,36,Teatro,,
4 DIST 14,1,2018,1,2.018,MABEL,4521 7498  1561507431,,567,65,Teatro,,
4 DIST 15,1,2017,1,2.017,MONICA,4521 7498,,123,40,Teatro,,
4 DIST 17 7 julio,1,2017,1,2.017,CLAUDIA,4501 5935,,3,38,Teatro,,
4 VILLA MARTELLI,1,2022,1,2.022,ANDREA,1160993834,,J,45,Teatro,,
4 dist 10,1,2017,1,2.017,DANIELA,4702 7013,,23,44,Teatro,,
4 dist 7,1,2018,1,2.018,DANA  BIBLIOT,152366 1247,,3,40,Teatro,,
5 CAP SARMIENTO,1,2018,1,2.018,SILVINA PRATTO,02478 15444975 0248 483424,,6,47,Teatro,,
5 DIS 9,1,2018,1,2.018,R0XANA,1532 180110,,2,50,Teatro,,
5 DIST 10,1,2017,1,2.017,JULIA BIBLIOT,4787 2691,,2,45,Teatro,,
5 DIST 17,1,2018,1,2.018,ALEJANDRA,4501 1166,,123,70,Teatro,,
5 DIST 20,1,2018,1,2.018,SILVIA,4687 0134  156814 4963,,567,75,Teatro,,
5 DIST10,1,2019,1,2.019,JULIETA,4787 2691  1565 714811,,3,54,Teatro,,
503 V LOPEZ,1,2017,1,2.017,SANDRA (CIEGOS),,,,8,Teatro,,
504 SAN Isidro,1,2019,1,2.019,EUGENIA NATALIA,15369 10829       2 X 1,,ESP,10,Teatro,,
505 SAN ISIDRO,1,2019,1,2.019,GABRIELA,15311 97763,,ESP,10,Teatro,,
53 SOLANO,1,2017,1,2.017,PAULA,152293 6234,,5,50,Teatro,,
6 DIST 11,1,2018,1,2.018,SABRINA,4631 5978 15630842 20,,12,73,Teatro,,
6 DIST 15,1,2019,1,2.019,ANALIA,5197 6259  1554 732 795,,J,50,Teatro,,
6 DIST 16,1,2018,1,2.018,MARCELA,4572 4858  15610 35160,,5,50,Teatro,,
6 SE SAN ISIDRO,1,2019,1,2.019,EUGENIA,1561139430,,esp,10,Teatro,,
6 dist 14,1,2019,1,2.019,CLAUDIA,11636 29752,,123,39,Teatro,,
60 DE TABLADA,1,2018,1,2.018,LAURA,4699 6406   113881 1346,,4,70,Teatro,,
65 FLORENCIO VARELA,1,2019,1,2.019,TATIANA KARINA ROMERO VICE,4237 7242  1140288854,,6,65,Teatro,,
68 LAFERRERE,1,2019,1,2.019,CLAUDIA GABRIELA,1562411651   1559287183,,3,45,Teatro,,
7 BERAZATEGUI,1,2017,1,2.017,PAULA,1522936 234,,5,25,Teatro,,
7 DIST 13,1,2018,1,2.018,ALEJANDRA,4683 3331  117009 4610,,6,90,Teatro,,
7 DIST 18,1,2018,1,2.018,VERONICA,4674 0880  153465 7886,,J,23,Teatro,,
7 DIST 9  SEÑA F,1,2024,1,2.024,TAMY 5 ENT. PAGAS,1166753222,,J,23,Teatro,,
7 DIST 9 90.000,1,2025,1,2.025,JOSEFINA,1135850211,,1,25,Teatro,,
7 DIT 12,1,2022,1,2.022,SILVIA TOÑACA,1524887658,,2,55,Teatro,,
701 HURLINGHAN,1,2019,1,2.019,MIRIAM,156741 9452,,SEC,20,Teatro,,
702 merlo,1,2017,1,2.017,ADRIANA,0220 4826563,,SEC ESP,200,Teatro,,
8 DIST 10,1,2018,1,2.018,ALEJANDRA,4781 1715  153236 8451,,5,33,Teatro,,
8 DIST 15 $90.000,1,2025,1,2.025,Antonella,1137679149,,3,23,Teatro,,
8 DIST 20,1,2018,1,2.018,NATALIA,4641 1594  1551065 1541,,4,40,Teatro,,
8 VTE LOPEZ,1,2018,1,2.018,MARIA CALVO,4718 2566   15346 77859,,1,31,Teatro,,
8 dist 18,1,2018,1,2.018,MARIANA,15561 9229,,4,41,Teatro,,
85 SAN MARTIN,1,2017,1,2.017,SILVIA,,,2,40,Teatro,,
9 CAJONES,1,2017,1,2.017,2,228,,,204,Teatro,,
9 DIST 16 (JULIAN),1,2017,1,2.017,LUCILA 4572 1175,4572 3558,,2,24,Teatro,,
90000,1,2025,1,2.025,SIVIA - MONICA,1140818938,,3,53,Teatro,,
909 MORON,1,2017,1,2.017,MARCELA,156130 3874,,J,31,Teatro,,
912 VTE LOPEZ,1,2019,1,2.019,ELENA,4730 0054  155704 6524,,J,20,Teatro,,
A DESCUBRIR,1,2018,1,2.018,MALENA,15321 97339,,2,40,Teatro,,
A MANZONI  $90.000,1,2025,1,2.025,ADELINA,1130349929,,1,28,Teatro,,
ABC JARDIN,1,2017,1,2.017,VICTORIA,4544 5761,,J,70,Teatro,,
AGUSTIN ROSCELLI,1,2017,1,2.017,ELIZABETH (LA PLATA),0221 4505356,,5,71,Teatro,,
ALBERT SCHWEITZER,1,2018,1,2.018,BARBARA,154046 4382,,2,26,Teatro,,
ALDEA,1,2024,1,2.024,VICKY,1153879154,,,,Viajera,,
ALEGRIA,1,2025,1,2.025,ANDY,1131259674,,,,Viajera,,
ALEGRÍA  CAMJNITO,1,2025,1,2.025,VANA,1158270814,,,,Viajera,,
ALEMAN,1,2017,1,2.017,ESTELA,4751 0376,,3,70,Teatro,,
ALETEHIA,1,2017,1,2.017,GERMAN,,,4,47,Teatro,,
AMBROSIO TOGNONI,1,2019,1,2.019,CAMILA,15329 39958,,2,25,Teatro,,
ANDERSEN PACHECO,1,2022,1,2.022,ERIKA,1164677065,,2,72,Teatro,,
ANGEL PEÑALOZA LAFERRE,1,2019,1,2.019,SILVIA,4457 3508  153870 24566,,SEC,90,Teatro,,
ANYI EDUC,1,2019,1,2.019,PAULA,4757 3834  115867 0927,,2,15,Teatro,,
ARABE ISLAMICO,1,2017,1,2.017,NATALIA,4611 2087,,J,44,Teatro,,
ARGENTINA MODELOS,1,2018,1,2.018,CORA,4880 6556  1550098167,,J,40,Teatro,,
ARMENIO,1,2017,1,2.017,ESTELA,156104 4632,,2,36,Teatro,,
ASUNCION DE MARIA,1,2019,1,2.019,MARTIN LOPEZ TURISMO,154023 9423,,123,78,Teatro,,
AYELEN,1,2018,1,2.018,CARLOS MUÑOZ,4275 1618  156451 3770,,6,60,Teatro,,
B F MORENO,1,2018,1,2.018,ADRIANA,4641 6945  15600 77423,,123,60,Teatro,,
BALDOMERO F MORENO,1,2018,1,2.018,ADRIANA,4641 6945  15600 77423,,123,75,Teatro,,
BALLESTER,1,2017,1,2.017,CLAUDIA INT 144,4768 0760,,1,71,Teatro,,
BAYARD  fact enviada,1,2019,1,2.019,AGUSTINA,4792 8585,,3,52,Teatro,,
BELGRANO ESCOBAR,1,2019,1,2.019,JESICA,03484 424155  03484 154536929,,1,63,Teatro,,
BELGRANO UNO,1,2017,1,2.017,LAURA,4786 5629,,12,37,Teatro,,
BENITO NAZAR,1,2018,1,2.018,PATRICIA,4862 4993  156578 3731,,23,103,Teatro,,
BERNACONI ESC 3,1,2017,1,2.017,GABRIELA INT 218,4941 1696,,4,50,Teatro,,
C CULT ITALINO,1,2017,1,2.017,MARIA EUGENIA INT 210,4790 4148,,J,56,Teatro,,
C DE PUERTA ABIERTA,1,2017,1,2.017,GABRIELA,1560 391285,,2,56,Teatro,,
C. CULT ITALIANO,1,2018,1,2.018,FLORENCIA,4766 7398  1557573223,,2,40,Teatro,,
C.CULT ITALIANO,1,2017,1,2.017,SOLEDAD SONIA,4766 7398,,1,42,Teatro,,
CABRINI,1,2018,1,2.018,SANDRA,4581 0272  1531887164,,1,60,Teatro,,
CAMINITO CRIOLLO Y ALEGRÍA,1,2025,1,2.025,FIORE BIANCHI,1157170041,,,,Viajera,,
CAMINITO Y ALEGRIA,1,2025,1,2.025,MARIANA LOPEZ,1160480152,,,,Viajera,,
CARDENAL COPELO,1,2019,1,2.019,MARCELA,4501 3029  115385 9890,,1,105,Teatro,,
CARLA GALLARDO,1,2025,1,2.025,CARLITA,1137974559,,,3,Teatro,,
CASA DE JESUS,1,2017,1,2.017,GERMAN,4862 5254,,1,59,Teatro,,
CASITA DE ANGIE,1,2017,1,2.017,LUZ,4572 2184,,J,46,Teatro,,
CASITA DE ANI,1,2018,1,2.018,MARIA FERNAN,4544 1881,,J,25,Teatro,,
CASITA DE ANIE,1,2019,1,2.019,MARIA FERNANDA,4544 1881  1557395444,,J,29,Teatro,,
CCI DAMICI  $90.000,1,2025,1,2.025,ANITA,1160161197,,1,27,Teatro,,
CCITALIANO,1,2022,1,2.022,ALE,1133682861 /47667398,,1,36,Teatro,,
CEFERINO NAMUNCURÁ,1,2025,1,2.025,MARIAN,1158125773,,3,56,Teatro,,
CENTES,1,2017,1,2.017,VIVIANA,4567 1439,,J,20,Teatro,,
CENTES 3,1,2019,1,2.019,VIVIANA,4587 6050  155454 2061,,ESP,20,Teatro,,
CENTRO SNA JAVIER,1,2024,1,2.024,AMGELES,1161111839,,1,54,Teatro,,
CHOCOLATE,1,2025,1,2.025,GUADALUPE,1163747264,,,,Viajera,,
CINDERELLA,1,2018,1,2.018,JUANA Y ANGIE,4812 1178    1562155361,,J,37,Teatro,,
COELGIO ALAS,1,2024,1,2.024,CECILIA VICE,1131687238,CVERDICCHIO@PINITOS-ALAS.EDU.AR,,,Viajera,,
COL AMERICANO $90.000,1,2025,1,2.025,TAMY,1165642442,,3,56,Teatro,,
COL DE LA CIUDAD,1,2024,1,2.024,ZARATE PAOLA,3487 615668,,5,61,Teatro,,
COL. AMERICANO $90.000,1,2025,1,2.025,TAMY,1165642442,,3,56,Teatro,,
COLE DEL TREBOL,1,2017,1,2.017,LAURA,4581 4640,,J,24,Teatro,,
COLE YAGO,1,2019,1,2.019,MALENA,,,1,28,Teatro,,
COLEGIO CIUDAD,1,2018,1,2.018,FLORENCIA,4758 6838 15661 0266,,3,50,Teatro,,
COLEGIO DEL ARCE,1,2019,1,2.019,DOLORES,4772 1902  1164629656,,123,66,Teatro,,
COLEGIO DEL FARO,1,2024,1,2.024,ANA OTTONE,3327527897,,,,Viajera,,
COLEGIO GRAL BELGRANO                    JULIAN,1,2025,1,2.025,EUGENIA,1545781234,,,,Viajera,,
COLEGIO MODELO BELLA VISTA,1,2025,1,2.025,CLAUDIA ROSALES,1134463553,,,,Viajera,,
COLEGIO NUEVA ERA $90.000,1,2025,1,2.025,LILIANA,1130849003,,5,69,Teatro,,
COLEGIO NUEVOS AYRES,1,2025,1,2.025,PAULA BESADA,1164790926,,2,45,Teatro,,
COLEGIO YAGO,1,2017,1,2.017,MALENA FALETI,,,,30,Teatro,,
COLINAS DEL NORTE,1,2017,1,2.017,SILVINA GARCIA,02304 666008,,3,31,Teatro,,
COMP DE MARIA,1,2017,1,2.017,VANINA,4552 3317,,13,43,Teatro,,
COMP DE MARÍA,1,2017,1,2.017,VERONICA,15492 7749,,J,46,Teatro,,
COMP MARIA,1,2017,1,2.017,VANINA,4552 3317,,12,67,Teatro,,
COMPAÑÍA DE MARIA,1,2019,1,2.019,VANINA,452 3317  1537770412,,23,61,Teatro,,
CONVIVENCIA,1,2017,1,2.017,MIRANDA,4501 5800,,J,46,Teatro,,
CONVIVENCIAS,1,2019,1,2.019,LEILA,4501 1684  153103 1809,,1,24,Teatro,,
COPELO,1,2019,1,2.019,MARCELA,115385 9890,,2,105,Teatro,,
COSERVAC. DE LA FE,1,2018,1,2.018,JULIANA,15335 80631,,5,25,Teatro,,
CREA  SEÑA R 5 PAGA,1,2024,1,2.024,SOFIA,1157379690,,1,21,Teatro,,
CREAR,1,2019,1,2.019,ALEJANDRA,113821 9059,,2,30,Teatro,,
CRISTO REDENTOR,1,2018,1,2.018,VERONICA,4797 7524 155813 3176,,J,42,Teatro,,
CRISTO REY,1,2019,1,2.019,VANINA,4542 2737 1544345817,,J,60,Teatro,,
CRISTOFO COLOMBO,1,2019,1,2.019,MARIA PAULA,4781 0060 1559 579077,,1,84,Teatro,,
CRISTOFORO COLOM,1,2018,1,2.018,LAURA,4781 0060  1138250342,,1,50,Teatro,,
CRISTOFORO COLOMBO,1,2018,1,2.018,LAURA,4781 0060  1138825 0342,,1,50,Teatro,,
CRISTÓFORO COLOMBO,1,2024,1,2.024,PAULA,1159579077,,3,83,Teatro,,
CUENTOS CON GRANADEROS Y SAN MARTIN,1,2025,1,2.025,VANINA,1168777944,,,,Viajera,,
CULT. ROCA (FAC 477),1,2025,1,2.025,DANIELA,1154757329,,2,64,Teatro,,
CULTURAL ITALIANO,1,2019,1,2.019,MARIANELA,4790 4148 1522592596,,4,52,Teatro,,
CULTURAL ROCA  $90.000,1,2025,1,2.025,DANIELA,1154757329,,1,46,Teatro,,
Corazón eucaristico de Jesus,1,2017,1,2.017,La Plata. Maria Laura,0221 156381974,,2,53,Teatro,,
DA VINCI BOLULOGN,1,2017,1,2.017,MARIA,15683 90047,,5,55,Teatro,,
DA VINCI BOULOGNE,1,2019,1,2.019,VERONICA,154171 2732,,SEC,38,Teatro,,
DALMACIO VELEZ SARSFIELD,1,2024,1,2.024,ADRY,1158539211,secreinicial@institutovelez.edu.ar,,,Viajera,,
DAMICCI,1,2024,1,2.024,ANITA,1160161197,,1,18,Teatro,,
DE LA PAZ   $56.000.-,1,2025,1,2.025,MARIANELA,1161124541,,4,13,Teatro,,
DE LAS ISLAS  $180.000,1,2025,1,2.025,MARCE,1159349568,,4,42,Teatro,,
DEBORA GABRIELI,1,2025,1,2.025,DEBORA,1169996648,,5,7,Teatro,,
DEL SALVADOR,1,2019,1,2.019,CAROLINA,5237 2500 INT 131 1561409119,,J,75,Teatro,,
DI BRUNO A 16 AGOS,1,2017,1,2.017,ROBERTO,4776 4529,,1,56,Teatro,,
DILCÍSIMO NOMNBRE,1,2019,1,2.019,CAROLINA SASO,4541 9796  1533646416,,J,37,Teatro,,
DIVINO ROSTRO,1,2018,1,2.018,MAIRA ROSETI,4982 5277,,J,43,Teatro,,
DON BOSCO,1,2024,1,2.024,CAROLINA,1149147580,,4,52,Teatro,,
DOS TIPO EL REGALO,1,2024,1,2.024,LACREZE 2950,1167566911,nivel_primario@ievp.com.ar,,,Viajera,,
DOS TIPOS AUDACES Y EL REGALO,1,2025,1,2.025,FERNANDA,1154862595,,,,Viajera,,
DOS TIPOS Y REGALO,1,2025,1,2.025,MARCELA VICE,1137938066,,,,Viajera,,
DUENDE ROJO,1,2024,1,2.024,,1165922601,,,,Viajera,,
DULCE FRUTILLITA,1,2019,1,2.019,KARINA,02320 665843  1549742438,,J,66,Teatro,,
DULCISIMO NOMBRE,1,2017,1,2.017,NORA,4541 9796,,23,41,Teatro,,
E  LAMARCA BALLESTER,1,2019,1,2.019,PATRICIA,4768 1899  156137 2284,,4,60,Teatro,,
E 1 V DEVOTO,1,2019,1,2.019,ROSARIO,4501 8138  116922 8982,,12,24,Teatro,,
EDER SUR,1,2017,1,2.017,YANINA,02225 421201,,1,21,Teatro,,
EDMUNDO DAMICI,1,2025,1,2.025,SILVIA DIRE,1156075319,,,,Viajera,,
EDUC TEC 1 GRAND BOURG,1,2019,1,2.019,DANIEL GONZALEZ,02320 480129 / 112180 5994,,SEC,38,Teatro,,
EL LUCERO AL 7,1,2017,1,2.017,MARIELA,4898 9153,,3,13,Teatro,,
EL TESORO,1,2025,1,2.025,RUTH DIRE,1168736939,,,,Viajera,,
EL trebol,1,2022,1,2.022,LAURA,11494912109,,2,36,Teatro,,
ELMINA PAZ,1,2017,1,2.017,CAROLNA,154914 7580,,1,60,Teatro,,
ELMIRA PAZ DE HAEDO,1,2017,1,2.017,DANIELA,15318 32958,,SEC,73,Teatro,,
ELMIRA PAZ HAEDO,1,2017,1,2.017,DANIELA,1531832 958,,SEC,75,Teatro,,
EMILIA HURTUBISE,1,2025,1,2.025,EMILIE,1158317430,,,7,Teatro,,
EMILIO LAMARCA,1,2019,1,2.019,NOERLI MARTINES,4768 1899  114095 3925,,J,32,Teatro,,
EMILIO LAMARCA BALLEST,1,2019,1,2.019,PATRICIA,4768 1899  11613 2284,,54,60,Teatro,,
EMP,1,2017,1,2.017,54,176,,,157,Teatro,,
EP 1 F. VARELA,1,2022,1,2.022,LORENA GIME,43551170 /1165011431,,J,58,Teatro,,
EP 10 HURLINGHAN,1,2017,1,2.017,PATRICIA1565590564,4651 7550,,1,35,Teatro,,
EP 115 MATANZA,1,2019,1,2.019,STELLA MARIS,4441 0949  1536592294,,6,49,Teatro,,
EP 147 C EVITA,1,2019,1,2.019,MIRNA,4487 5117 1164 474466,,6,50,Teatro,,
EP 149  C EVITA,1,2018,1,2.018,MARIAN,4487 4278 112190 2432,,2,55,Teatro,,
EP 149 EVITA,1,2018,1,2.018,GABRIELA ROSALES,4487 4278  155928 7183,,5,33,Teatro,,
EP 19 MORON,1,2019,1,2.019,NANCY,112582 3581,,4,36,Teatro,,
EP 85 SAN MARTIN,1,2017,1,2.017,SILVIA,4713 1459,,2,47,Teatro,,
EP 96 I CASANOVA,1,2017,1,2.017,SANDRA 46253154,4485 1061,,4,37,Teatro,,
EP12 ITUZAINGO,1,2017,1,2.017,NANCY,153296 7310,,3,80,Teatro,,
EP15 ITUZAINGO,1,2018,1,2.018,ADRIANA,4624 7772   153169 7681,,12,70,Teatro,,
EPB 55 MORENO,1,2017,1,2.017,ALICIA,113461 7220,,5,50,Teatro,,
EPICO  2 dist 18,1,2019,1,2.019,MARTIN LOPEZ,4566 9158 1540239423,,2,66,Teatro,,
ERNESTO SABATO,1,2019,1,2.019,ALICIA,4452 2622  15595 40605,,4,50,Teatro,,
ESBA LUGANO,1,2019,1,2.019,MARINA,4604 0202  1568335531,,3,42,Teatro,,
ESC  M,1,2017,1,2.017,MONICA 4880 6556,155248 9813,,J,21,Teatro,,
ESC 1 DIST 17,1,2017,1,2.017,MARIA FERNANDA,4501 0529,,2,42,Teatro,,
ESC 1 VILLA PARQUE,1,2022,1,2.022,ROSARIO,1169228982,,,25,Teatro,,
ESC 10 DIST 12,1,2025,1,2.025,NINA,1123404575,,5,29,Teatro,,
ESC 12 DIST 15,1,2018,1,2.018,MIRIAM LEDESMA,113416 0605,,123,140,Teatro,,
ESC 12 DIST0,1,2019,1,2.019,MARIANA FABER,155846 2222,,2,28,Teatro,,
ESC 13 CAP SARMIENTO,1,2018,1,2.018,SEBASTIAN GONZALEZ,02478 481927 /247815442058,,5,45,Teatro,,
ESC 14 MEDIA MORON,1,2019,1,2.019,MONICA,4692 2921  1159270898,,SEC,54,Teatro,,
ESC 20 DIST 7,1,2017,1,2.017,MARTA,4902 1431,,12,46,Teatro,,
ESC 21 DIS14,1,2019,1,2.019,GISELA,4854 7859 / 155495 0503,,25,40,Teatro,,
ESC 4 DIST 16,1,2018,1,2.018,FABIANA O ADRIANA,4571 4813  114435 8045,,1,106,Teatro,,
ESC 4 JIN A DIST 9,1,2018,1,2.018,NATALIA,4821 0057  156965 9100,,J,90,Teatro,,
ESC 5 DE HURLINGHAN,1,2018,1,2.018,VALERIA,153241 0626,,J,31,Teatro,,
ESC 5 DIST 17,1,2017,1,2.017,MARIA ROSA( CATA),4501 1166,,45,47,Teatro,,
ESC 5 VIRREYES,1,2018,1,2.018,VIVIAN,4714 1493  15680202,,36,38,Teatro,,
ESC 502 HURLINGHAN,1,2019,1,2.019,AILIN,4459 1749  1563217956,,J,25,Teatro,,
ESC 6 DIST 11,1,2019,1,2.019,SABRINA,4631 5978  156308 4220,,"1,2,3,4",120,Teatro,,
ESC 7,1,2018,1,2.018,ROXANA,153849 8508,,J,40,Teatro,,
ESC 7 REP MEXICO,1,2018,1,2.018,ROSARIO BIBLIO,4581 6082  1169228982,,1,43,Teatro,,
ESC 7 VILLA DOMINICO,1,2018,1,2.018,ROSARIO,116922 8982,,,42,Teatro,,
ESC 78 LAFERERRE,1,2019,1,2.019,MARCELA VANESA,156503 9398  1558726489,,3,60,Teatro,,
ESC 8 JINA DIST9,1,2018,1,2.018,ANALUCIA,4771 0235  1558176173,,J,48,Teatro,,
ESC 89 SAN JUSTO,1,2017,1,2.017,NANCY,4484 9094,,4,45,Teatro,,
ESC EV DEVOTO,1,2017,1,2.017,GLADYS,4503 0534,,123,77,Teatro,,
ESC EVAN DEVOTO,1,2017,1,2.017,GLADYS,4503 0534,,457,38,Teatro,,
ESC GRAL BELGRANO,1,2025,1,2.025,SOFIA,1169502144,,5,40,Teatro,,
ESC MARTINEZ,1,2017,1,2.017,ANALIA,4717 6700,,J,26,Teatro,,
ESC MODELO BELLA VISTA,1,2024,1,2.024,SAN MIGUEL BELLAVISTA,33708698259,secretariadeprimaria@modelobellavista.com.ar,,,Viajera,,
ESCUELA ARGENTINA,1,2019,1,2.019,BEATRIZ DIRE,4553 3904  1559456805,,J,54,Teatro,,
ESWC INT 16,1,2024,1,2.024,MARISA,1151325095,,INT,7,Teatro,,
ESÍRITU SANTO,1,2017,1,2.017,LAURA,4581 4640,,5,43,Teatro,,
ETEI,1,2017,1,2.017,MARISA,156951 0881,,45,20,Teatro,,
EVANG  DE SAN JUSTO 90000,1,2025,1,2.025,CESIA,1138899609,,3,31,Teatro,,
EVANG AMERICANO JJPAZ,1,2019,1,2.019,MARIA LAURA,4504 3900  1563764815,,1,103,Teatro,,
EVANG ARGENT,1,2017,1,2.017,MARTIN VIAJES,1540 239423,,3,78,Teatro,,
EVANG BS AS,1,2019,1,2.019,MARIA LUZ SANDRA,4788 0445  1569961 022,,J,62,Teatro,,
EVANG BS AS CABA,1,2019,1,2.019,ROMINA,4788 0045  1158089747,,45,43,Teatro,,
EVANG LUGANO,1,2017,1,2.017,VANESA,4304 0202,,2,64,Teatro,,
EVANG. DE SAN JUSTO,1,2025,1,2.025,CESIA,1138899609,,3,26,Teatro,,
Escuela,1,,0,0,Contacto,Teléfono,Email,Nivel,,Sección,,
F BRANDSEN,1,2019,1,2.019,JESICA,02223 15431927,,34,50,Teatro,,
F DI BRUNO,1,2017,1,2.017,GABREILA,11392 17182,,3,45,Teatro,,
F. SAN VICENTE PAUL,1,2018,1,2.018,CLAUDIA FILOSA,4504 6139     1545390 393,,7,55,Teatro,,
FASTA SAN VICENTE DE PAUL,1,2025,1,2.025,CANDE,1132290429,,3,58,Teatro,,
FASTA SAN VTE PAUL,1,2022,1,2.022,CAMILA,1140938040,,3,63,Teatro,,
FCO FA DI BRUNO,1,2018,1,2.018,ADRIANA,4771 1975  153119 6131,,1,49,Teatro,,
FCO. FA DI BRUNO,1,2018,1,2.018,MARILINA,4771 1975  1530753 689,,3,45,Teatro,,
FCO. JAVIER,1,2017,1,2.017,ANGELA DE ROSA,4831 0233,,123,112,Teatro,,
FEDERICO BRANSEN,1,2019,1,2.019,SUSANA SANDRA,02223 442180  02223 15430373,,45,49,Teatro,,
FELICIA PALACIO,1,2018,1,2.018,LAURA,15301 77436,,2,33,Teatro,,
FELISA PALACIOS,1,2018,1,2.018,LAURA,153017 7436,,J,29,Teatro,,
FLORIDA DAY SCHOOL,1,2022,1,2.022,KARINA,1130081122,,4,84,Teatro,,
FRANCISCO JAVIER,1,2019,1,2.019,ANGELICA,4831 0233  156111 1839,,1,56,Teatro,,
FRENCH BANDFIELD,1,2017,1,2.017,SILVANA,4202 4481,,4,50,Teatro,,
FROEBEL  $90.000,1,2025,1,2.025,JAQUELINE,1131621862,,2,48,Teatro,,
G RAWSON,1,2017,1,2.017,MARCELA,4901 1234,,12,73,Teatro,,
GABRIELA MISTRAL,1,2018,1,2.018,ELDA,4663 4036   1139547857,,4,60,Teatro,,
GRAL SAN MARTIN,1,2018,1,2.018,ADRIANA MASA,4458 3398  1569257472,,123,51,Teatro,,
GRAN SEMANA,1,2019,1,2.019,90,140,,,128,Teatro,,
GUADALUPE $45.000.- HICE FACT,1,2025,1,2.025,LETICIA,1158266792,,1,44,Teatro,,
"GUADALUPE,",1,2017,1,2.017,M ELSA,4824 6093,,2,49,Teatro,,
HAM VTE LOPEZ,1,2017,1,2.017,TERESA 122,4874 3100,,2,72,Teatro,,
HANSEN,1,2018,1,2.018,ESTELA,4703 3051  1579744158,,J,63,Teatro,,
HERCULES,1,2018,1,2.018,GRISELDA,4636 0660  1568372564,,J,33,Teatro,,
HIJAS DE JESUS,1,2017,1,2.017,OLGA,4542 6441,,123,90,Teatro,,
HOGA RAFAEL,1,2017,1,2.017,JULIETA,4568 1100,,23,54,Teatro,,
HOGAR DEL PINO,1,2025,1,2.025,STELLA MARIS AGENCIA,1161044632,,3,35,Teatro,,
HOGAR SAN BENITO,1,2019,1,2.019,FLORENCIA,115970 3566,,123,82,Teatro,,
HOMBRE NUEVO,1,2019,1,2.019,GABRIELA,4631 4594  114049772,,2,36,Teatro,,
HOME SCHOOL $90.000,1,2025,1,2.025,JENI  MONZON,1121575264,,3,45,Teatro,,
HORACIO WATSON,1,2022,1,2.022,BELEN,1150223802 / 4521 5180,,3,25,Teatro,,
HUDSON,1,2017,1,2.017,PAULA,15229 36234,,4,36,Teatro,,
HUELLAS  SF,1,2024,1,2.024,CAROLINA,11500314165,,45,50,Teatro,,
HUERO DE LOS OLIVOS,1,2019,1,2.019,FABIANA,116498 9563,,1,44,Teatro,,
HUERTOS,1,2017,1,2.017,LAURA 1130038811,4942 4585,,2,58,Teatro,,
HULL CORDEL,1,2018,1,2.018,CELESTE,4542 6595 1562883043,,5,81,Teatro,,
I. CARDOSO CASEROS,1,2022,1,2.022,MARIA VILLAGRA,1565424998,,23,115,Teatro,,
ICE DEVOTO,1,2017,1,2.017,GLADYS,4503 0534,,J,44,Teatro,,
IESHURUM,1,2019,1,2.019,GABRIELA,4804 8918 / 1552096792,,J,43,Teatro,,
ILEI,1,2017,1,2.017,MARISA,156951 0881,,12,30,Teatro,,
IM CONCEPCIÓN,1,2017,1,2.017,HERNAN,15444 83929,,45,109,Teatro,,
INCORP SAN ANDRES,1,2019,1,2.019,CINTIA ARIAS,153584 6919,,4,34,Teatro,,
INFANCIA,1,2017,1,2.017,LAURA,4862 2513,,3,22,Teatro,,
INMACULADA CONCEPC,1,2019,1,2.019,HERNAN,4911 1345  154448 3929,,2,60,Teatro,,
INMACULADA SAN MARTIN,1,2025,1,2.025,MARCELA,1154046657,,3,24,Teatro,,
INMACULADA SM,1,2019,1,2.019,ANGELICA,4753 8828  1562 029786,,3,31,Teatro,,
INST ADVENT FLORIDA,1,2019,1,2.019,ALEJANDRA,4760 0674   0291154705165,,1,30,Teatro,,
INST ADVENTISTA,1,2017,1,2.017,CELESTE,156602 2728,,J,26,Teatro,,
INST APOSTOL,1,2018,1,2.018,CECILIA,4854 6637,,4,46,Teatro,,
INST BALLESTER  V. LOPEZ $387.000,1,2025,1,2.025,ANA,1122508653,,2,43,Teatro,,
INST DE LAS ISLAA,1,2024,1,2.024,MARCELA,1159349568,,3,47,Teatro,,
INST GRAL SAN MART,1,2018,1,2.018,ADRIANA MAssA,4458 3398   156925 7472,,123,67,Teatro,,
INST JUAN GAYNOR,1,2024,1,2.024,PAOLA,1132018604,,J1,71,Teatro,,
INST LUIS SIEgEL POLVORINES,1,2019,1,2.019,ADRIANA,4660 3181  153260 1607,,4,90,Teatro,,
INST NUEVOS AIRES,1,2018,1,2.018,SILVINA,4567 8970  15658 80716,,2,43,Teatro,,
INST PARROQUIAL,1,2019,1,2.019,CECILIA,4635 3792  1169790263,,67,48,Teatro,,
INST SANTA MARIA,1,2019,1,2.019,GISEL,4921 7265  1535750461,,2,60,Teatro,,
INSTITUO MAIPU,1,2017,1,2.017,ADRIANA,4753 1989,,3,34,Teatro,,
INSTITUTO CORAZÓN DE JESUS,1,2025,1,2.025,NOEMI,11653344742,,,,Viajera,,
INSTITUTO GLACIAR PERITO MORENO,1,2025,1,2.025,MARIA INES QUIROGA,1136293808,,,,Viajera,,
INT DE LAS ISLAS,1,2017,1,2.017,MARCELA,4784 6434,,2,40,Teatro,,
INT MERCEDES PACHECO,1,2025,1,2.025,MAI CARRICK,1150965657,,4,28,Teatro,,
INTERNAC. DE LA ISLA,1,2018,1,2.018,MARCELA,4784 6434  155934 9568,,2,51,Teatro,,
J 1 CABA,1,2017,1,2.017,MARIELA,155423 1493,,J,25,Teatro,,
J 1 DIST 12,1,2017,1,2.017,ALEJANDRA,4671 5358,,J,23,Teatro,,
J 1 DIST 16,1,2018,1,2.018,FLORENCIA,4571 6014  1551815663,,J,69,Teatro,,
J 10 DIST 9,1,2025,1,2.025,(007) TAMI,1168753222,,j,25,Teatro,,
J 1014 MATANZA,1,2019,1,2.019,PATRICIA,4651 7550  116569 0564,,J,46,Teatro,,
J 15 VTE LOPEZ,1,2019,1,2.019,VIRGINIA,5197 1919  1568 07297,,J,38,Teatro,,
J 2 HURLGHAN,1,2019,1,2.019,ANABELA,11593878 40  114057 11 29,,J,30,Teatro,,
J 2 SENDERO,1,2018,1,2.018,laura,4452 7441 1140571129,,j,30,Teatro,,
J 4 VILLA URQUIZA,1,2018,1,2.018,SILVANA,4524 2400   153114 4801,,J,38,Teatro,,
J 5 VICENTE LOPEZ,1,2019,1,2.019,KARINA,4580 6248 1569 532325,,J,75,Teatro,,
J 8 LA LUCILA,1,2017,1,2.017,MARINA,156377 9138,,J,47,Teatro,,
J 9 MITRE,1,2017,1,2.017,NATALIA,4772 6356,,J,64,Teatro,,
J 901 MARTINEZ,1,2017,1,2.017,MIRIAM,1551 410264,,J,26,Teatro,,
J 902 HURLINGHAN,1,2019,1,2.019,ALEJANDRA,113796 4986,,J,48,Teatro,,
J 904 V SARMIENTO,1,2017,1,2.017,CLAUDIA,4654 8644,,J,31,Teatro,,
J 907 V ADELINA,1,2017,1,2.017,MARIANA,4766 3127,,J,25,Teatro,,
J 909 ESCOBAR,1,2019,1,2.019,KARINA,0348 4477944  0348 154533466,,J,50,Teatro,,
J 909 SAN ISIDRO,1,2017,1,2.017,MARIA,4441 0595,,J,60,Teatro,,
J 909 SAN JUSTO,1,2017,1,2.017,MARIZA,4441 0595,,J,55,Teatro,,
J 910 VTE LOPEZ,1,2017,1,2.017,CAROLINA,4708 9073,,J,31,Teatro,,
J 915 QUILMES,1,2017,1,2.017,ALEJANDRA,4254 9270,,J,31,Teatro,,
J 917 HURLINGHAN,1,2017,1,2.017,VERONICA,4665 0305,,J,50,Teatro,,
J 926 HAEDO,1,2017,1,2.017,FLORENCIA,153100 8382,,J,30,Teatro,,
J 927 SAN MARTIN,1,2017,1,2.017,MARIA INES,4729 1070,,J,30,Teatro,,
J 936,1,2017,1,2.017,NANCY,4848 0295,,J,30,Teatro,,
J D DIST 7,1,2019,1,2.019,MARITE,4958 5413  1561 422739,,J,40,Teatro,,
J DAMASO CENTENO,1,2018,1,2.018,MARIA ELENA,4771 9637   154066 4594,,J,84,Teatro,,
J DE LOS CAMINOS,1,2018,1,2.018,ADRIANA,4542 8526  155042 8578,,J,18,Teatro,,
J DE SAN MARTIN,1,2017,1,2.017,SILVIA SIANCIO,4664 4977,,2,32,Teatro,,
J I HURLINGHAN,1,2017,1,2.017,MARIEL,4452 7444,,J,60,Teatro,,
J PUERTA ABIERTA,1,2018,1,2.018,EVELIN,4792 1943,,J,18,Teatro,,
J. DE SAN MARTIN,1,2017,1,2.017,SILVIA SIANCIO,4664 4977,,2,32,Teatro,,
J15 VICENTE LOPEZ,1,2019,1,2.019,VIRGINIA,5197 1919  1568 072917,,J,38,Teatro,,
J2 SENDERO,1,2018,1,2.018,LAURA,4452 7441  1140571129,,J,30,Teatro,,
J2 SENDERO DE LUNA,1,2018,1,2.018,LAURA,4452 7441  1140571129,,J,30,Teatro,,
J911 FLORIDA,1,2017,1,2.017,CELINA 4791 6994,4581 4640,,J,22,Teatro,,
J930 V ZAPIOLA,1,2017,1,2.017,ANALIA,4769 4632,,J,31,Teatro,,
J930 V ZAPIOLA 7 JULIO,1,2017,1,2.017,ANALIA,4769 4632,,J,31,Teatro,,
JAR DE LA CUADRA $90000,1,2025,1,2.025,MARIA JOSE||,1167422915,,J,18,Teatro,,
JARDIN 1020 LA MATANZA,1,2017,1,2.017,VIVIANA,4482 1010,,J,90,Teatro,,
JARDIN 2 HURLINGHAN,1,2019,1,2.019,LAURA,4452 7441  114057 1129,,J,29,Teatro,,
JARDIN 4 HURLINGAHN,1,2019,1,2.019,SILVIA,4452 7439  1167007976,,J,28,Teatro,,
JARDIN 4 HURLINGHAN,1,2018,1,2.018,SILVIA,4452 7439  116700 7976,,J,30,Teatro,,
JARDIN 7 DIST 2,1,2019,1,2.019,GABRIELA,4867 6991 1561975168,,J,30,Teatro,,
JARDIN DE LOS CAMINOS,1,2019,1,2.019,ADRIANA,4542 8526  1150428578,,J,25,Teatro,,
JARDIN DEL SOL,1,2025,1,2.025,DANIELA ALVAREZ DIRECTORA,1158931367,,,,Viajera,,
JARDIN ESTRELLITA $90.000,1,2025,1,2.025,LORENA FUNES,1150962223,,J,37,Teatro,,
JARDIN KARIBU $90.000,1,2025,1,2.025,VERO,1150057904,,J,25,Teatro,,
JARDIN MONIGOTE,1,2018,1,2.018,ELIANA,4790 3487  153095 9178,,J,31,Teatro,,
JARDIN UBA $90.000,1,2025,1,2.025,1155845770,E7 YANI,,J,34,Teatro,,
JARDIN VICENTE LOPEZ,1,2019,1,2.019,ROMINA DIRE,4513 9879 1540655935,,J,94,Teatro,,
JARDINAR (3063782527,1,2025,1,2.025,UCA NEVARES,1159112685,,2,22,Teatro,,
JARDÍN NEWMAN,1,2025,1,2.025,CHECHI BARRENECHEA,1157640919,,,,Viajera,,
JB 7 DIST 10,1,2018,1,2.018,NATALIA,4904 2175  1551552179,,J,28,Teatro,,
JESUS MARIA LONG CHAMP,1,2017,1,2.017,ROMINA,4297 3739,,SEC,70,Teatro,,
JEZABEL CHAMORRO,1,2025,1,2.025,PAGADO $18.000,1165147163,,JARDIN,2,Teatro,,
JI 15 ESC 2,1,2019,1,2.019,ESTELA,4521 0068  116952 5451,,J,52,Teatro,,
JI HURLINGHAN,1,2019,1,2.019,MARIEL DIRE,4452 7444  1556610297,,J,56,Teatro,,
JIC C2 DIST 17,1,2017,1,2.017,ANALIA,15512 52189,,J,53,Teatro,,
JII 1 DIST 12,1,2017,1,2.017,MARIELA,155423 1443,,J,25,Teatro,,
JII 2 AGRONOMIA,1,2017,1,2.017,CECILIA,4572 0792,,J,66,Teatro,,
JIN  9 DIST 10,1,2019,1,2.019,ELENA,4544 0791  1569267214,,J,30,Teatro,,
JIN 11 DIST 7,1,2022,1,2.022,MARITE,51972975 1561422739,,J,40,Teatro,,
JIN 11 Y 21 DIST 7,1,2019,1,2.019,MARITE,5197 2975  156142 2739,,J,58,Teatro,,
JIN 14 DIST 15,1,2019,1,2.019,RITA,4523 8811  153184 6249,,J,55,Teatro,,
JIN 16 DIST 17,1,2019,1,2.019,SILVIA LA MATITA,155932 4860,,J,30,Teatro,,
JIN 2 DIST 20,1,2018,1,2.018,LAURA MARIANA,4642 7712   155226233,,J,72,Teatro,,
JIN 5 DIST 7,1,2018,1,2.018,VALERIA,4981 6762  1551 809900,,J,21,Teatro,,
JIN A 17 DIST 15,1,2017,1,2.017,SILVIA,4521 0068,,J,31,Teatro,,
JIN A 4 DIST 12,1,2019,1,2.019,CAROLINA,4582 0957  1530646240,,J,60,Teatro,,
JIN A 7 DIST9,1,2022,1,2.022,TAMARA,1168753222,,J,24,Teatro,,
JIN A DIST 7,1,2019,1,2.019,MARITRE,495854 13  156142 2739,,J,40,Teatro,,
JIN A ESC 10 DIS 9,1,2018,1,2.018,CARLA,4778 0264  15659 55746,,J,47,Teatro,,
JIN B 20 DIST 7,1,2018,1,2.018,CELESTE,4904 2175  155314 7622,,J,38,Teatro,,
JIN B DIST 2,1,2019,1,2.019,MARIEL HELLER,4862 4453  1550000469,,J,27,Teatro,,
JIN B DIST 7,1,2017,1,2.017,TERESA,4904 2175,,J,100,Teatro,,
JIN D 14,1,2019,1,2.019,CECILIA VICE,4581 0546  1558217724,,J,40,Teatro,,
JIN D 14 DIST 9,1,2017,1,2.017,MARIA BEATRIZ,4777 6107,,J,40,Teatro,,
JIN D 4 DIST 12,1,2019,1,2.019,ADRIANA,43582 0957  1555 8355 02,,J,60,Teatro,,
JIN D ESC 11 DIST 7,1,2018,1,2.018,MARITE,5197 2975  15614 22739,,J,40,Teatro,,
JIN2 DIST 16,1,2018,1,2.018,CECILIA,4572 0792  156350 6916,,J,85,Teatro,,
JIN3 DIST 10,1,2017,1,2.017,PATRICIA,4788 8319,,J,60,Teatro,,
JIN4 DIST 18,1,2019,1,2.019,VERONICA,4567 7991  153907 5372,,J,70,Teatro,,
JINA DIST 14 ESC 10,1,2017,1,2.017,MIRIAM,4584 2823,,J,26,Teatro,,
JINA DIST 5,1,2018,1,2.018,CECILIA,4307 6901   15386 08250,,J,76,Teatro,,
JINA DIST 9,1,2018,1,2.018,TAMARA,4555 5432  15687532 22,,J,50,Teatro,,
JINB 5 DIST 7,1,2018,1,2.018,GANRIELA,4982 9706 11582178 56,,J,29,Teatro,,
JINB ESC 6,1,2018,1,2.018,ANDREA,5197 2366  156721 8010,,J,48,Teatro,,
JINC 17 DIST 2,1,2019,1,2.019,FLORENCIA,4867 2749  1564858178,,J,29,Teatro,,
JINC C 11 DIST 2,1,2019,1,2.019,JULIETA NAVARRO,4867 2749  1554928268,,J,58,Teatro,,
JINC ESC 19 DIST 10,1,2017,1,2.017,PAULA,4545 3783,,J,35,Teatro,,
JIND 24 DIST 17,1,2019,1,2.019,MARIA FERNANDA,4567 8257  15560 52083,,J,40,Teatro,,
JOSE HERNANDEZ BALLESTER,1,2025,1,2.025,FER,1160101348,,,56,Teatro,,
JOSE INGENIEROS  $112.000,1,2025,1,2.025,DIANA,1144090857,,1,29,Teatro,,
JOSE M MORENO,1,2017,1,2.017,ROXANA,4665 4296,,J,35,Teatro,,
"JOSÉ HERNANDEZ, BALLESTER",1,2025,1,2.025,FER,1160101343,,2,73,Teatro,,
JOSÉ MANUEL ESTRADA 100000,1,2025,1,2.025,PATRICIA AGENCIA,1165590564,,2,24,Teatro,,
JUGUET,1,2017,1,2.017,109,121,,,112,Teatro,,
JUGUET LIBERT,1,2025,1,2.025,DIANA,1135747878,,,,Viajera,,
JUGUETERIA Y LIBERTADORES,1,2025,1,2.025,NATI,1155604649,,,,Viajera,,
JUGUETRI,1,2017,1,2.017,112,118,,,105,Teatro,,
JUGUETRIA,1,2019,1,2.019,27,257,,,240,Teatro,,
LA ADLEA,1,2017,1,2.017,CARLA TONIETO,4702 8042,,34567,97,Teatro,,
LA ALDEA $90.000,1,2025,1,2.025,CAMILA,1155974017,,4 Y 5TO,37,Teatro,,
LA CASITA DE ANGIE,1,2018,1,2.018,KARINA,15595 81591,,J,40,Teatro,,
LA FOCA REVOLTOSA,1,2017,1,2.017,BARBARA,4637 9515,,J,26,Teatro,,
LA GRAN SEMANA DE MAYO,1,2024,1,2.024,FLORIDA DAY SCHOOL,1130081122,karina.raymundo@fds.esc.edu.ar,,,Viajera,,
LA JUGUETERIA,1,2025,1,2.025,VERONICA,1159204354,,,,Viajera,,
LA PAZ,1,2017,1,2.017,natalia,4602 9300,,1,37,Teatro,,
LA PEQUEÑA,1,2025,1,2.025,MARCELA,,,,,Viajera,,
LA PULPERIA Y GRAN SEMANA,1,2025,1,2.025,PAOLA CRISTALDO,45840390,,,,Viajera,,
LA SALETTE,1,2019,1,2.019,ANALIA,4542 2389  1568085651,,3,42,Teatro,,
LANGUELEY  $90.000,1,2025,1,2.025,SOFIA,1126661450,,1,59,Teatro,,
LENGUAS VIVA DIST 1,1,2017,1,2.017,MARIELA,4393 4132,,2,60,Teatro,,
LENGUAS VIVAS 4132 INT 123,1,2017,1,2.017,MARIELA FLAVIA,439 3698,,2,60,Teatro,,
LEONCITOS,1,2018,1,2.018,CAROLINA TRANSP,15491 47580,,J,30,Teatro,,
LIBERT,1,2017,1,2.017,25,205,,,200,Teatro,,
LIBERTADORES Y JUGUETERÍA,1,2025,1,2.025,ANA MARIA,1157675059,,,,Viajera,,
LIIGI PIRANDELLO $90.000,1,2025,1,2.025,SILVIA,1540818938,,5,55,Teatro,,
LIJAN PORTEÑO,1,2017,1,2.017,KARINA,4612 9541,,J,24,Teatro,,
LIMERICK,1,2017,1,2.017,LAURA,4612 3833,,J,27,Teatro,,
LOGOSOFICO,1,2019,1,2.019,CLAUDIA,4924 3119  155638 8930,,2,30,Teatro,,
LOS ANGELES,1,2017,1,2.017,CINTIA 4305 7428,4305 7399,,SEC,40,Teatro,,
LUCERO,1,2024,1,2.024,GISELLA,1141962876,,ESPEC,22,Teatro,,
LUCERO DEL ALBA (ESPECIAL),1,2025,1,2.025,MARIA BARRERA,1156693097,,5,17,Teatro,,
LUCIA DUMONT,1,2022,1,2.022,PUBLICO,,,,3,Teatro,,
LUIGI PIRANDELLO $90.000.-,1,2025,1,2.025,SILVIA,1140818938,,6,58,Teatro,,
LUIS F LELOIR,1,2018,1,2.018,GABRIELA DELGADO,4692 0027  1558302385,,2,40,Teatro,,
M DILLON,1,2024,1,2.024,LU,1121899885,,3,103,Teatro,,
M NAZARETH,1,2017,1,2.017,ADRIANA,4541 6058,,J,50,Teatro,,
M. Bianchi de Copello,1,2018,1,2.018,MARIA LAURA,4806 9135  1131763577,,J,28,Teatro,,
MAC ALLISTER,1,2018,1,2.018,YANINA,1541158 8474,,123,46,Teatro,,
MADRE DE EMIGRANTES,1,2019,1,2.019,CLAUDIA,4361 6593 1561239126,,4,36,Teatro,,
MANZONI CCITALIANO,1,2019,1,2.019,SONIA DECESARE,4766 7398  1565179054,,1,41,Teatro,,
MARIA AUXILIA,1,2017,1,2.017,CLAUDIA,4924 3119,,1,66,Teatro,,
MARIA AUXILIADORA,1,2018,1,2.018,CLAUDIA,4924 3119  15563 88930,,1,65,Teatro,,
MARIA REINA MORON,1,2017,1,2.017,CAROLINA,154914 7580,,1,56,Teatro,,
MARIANISTA 15 PAGAS,1,2024,1,2.024,LORE,1169488459,,1,120,Teatro,,
MARISTA BLEGRANO,1,2017,1,2.017,CLARA VICE INT 118,4784 065 INT 171,,2,134,Teatro,,
MARTIN Y OMAR,1,2018,1,2.018,DIEGO,4743 6888   1561908155,,2,66,Teatro,,
MARTIN YOMAR,1,2019,1,2.019,DIEGO,4743 6888  15618908155,,2,60,Teatro,,
MATER DOLOROSA,1,2018,1,2.018,GABRIELA,4501 0476   155515 1271,,123,90,Teatro,,
MECKI BALLESTER,1,2018,1,2.018,MARGARITA,4768 3430   1566482772,,J,20,Teatro,,
MECKY,1,2018,1,2.018,MARGARITA,4768 3430  15664827 72,,J,19,Teatro,,
MELODY,1,2025,1,2.025,PAGADAS,1149409601,,,2,Teatro,,
MICHAEL HAM,1,2019,1,2.019,VIVIANA,4874 3100  153859 99 367,,4,80,Teatro,,
MIGUEL GUEMES BOULO,1,2019,1,2.019,MARIA,4766 0360   156839 0047,,56,90,Teatro,,
MIGUEL HERNANDEZ,1,2022,1,2.022,IANELA,1136204818,,123,65,Teatro,,
MILTON ITUZAINGO,1,2022,1,2.022,MARIA JOSE,1159264645,,1,30,Teatro,,
MILTON ITUZAINGO  pago total,1,2025,1,2.025,LULI,1139124342,,1,31,Teatro,,
MIRADOR ESCUELA,1,2019,1,2.019,JESICA,4501 9742  1564998280,,1,42,Teatro,,
MISERICORDIA RECOLETA,1,2019,1,2.019,VANINA,4805 6703  153394 6136,,4,56,Teatro,,
MISRICORDIA,1,2019,1,2.019,JULIA,48055578 15 58336146,,5,45,Teatro,,
MODELO 2000,1,2018,1,2.018,ALICIA ZELAYA,4200 4634  155845 2107,,4,49,Teatro,,
MODELO ARGENTINO,1,2017,1,2.017,MONICA,4880 6556,,J,35,Teatro,,
MODELO SARMIENYO,1,2019,1,2.019,LUPE,4683 1620  155762 2487,,,31,Teatro,,
MONDONGO,1,2025,1,2.025,ANDREA BURGOS,45678392 INT 107,,,,Viajera,,
MONSEÑOR DILLON,1,2018,1,2.018,FERNANDA INT 128,4581 4159 154193 6106,,3,102,Teatro,,
MONSEÑOR DILON,1,2019,1,2.019,FERNANDA,4581 4159  154193 6106,,1,92,Teatro,,
MORULLI,1,2018,1,2.018,SILVANA,4545 6802  156043 1553,,J,100,Teatro,,
MUNDO NIÑOS,1,2017,1,2.017,ANA,4432 9347,,J,21,Teatro,,
MURRUGANGTO,1,2022,1,2.022,KARINA,1121834031,,J,52,Teatro,,
MURRUGATO,1,2017,1,2.017,LAURA,4521 3320,,J,46,Teatro,,
N SRA MISERICORDIA,1,2018,1,2.018,ANDREA,4911 0783  115639 9613,,J,60,Teatro,,
NICHIA. ARGENTINO JAPONES,1,2025,1,2.025,ROMINA,1162660133,,3,47,Teatro,,
NORBRIDGE,1,2019,1,2.019,CLAIDIA,4541 6444 1536057978,,2,64,Teatro,,
NORMAL 2 DIST 6,1,2019,1,2.019,JAQUELIN,4931 7893  1554 663005,,1,62,Teatro,,
NORMAL 7,1,2018,1,2.018,ADRRIANA,4861 2535 INT 102   156784 2597,,12,85,Teatro,,
NORTH HILLS,1,2018,1,2.018,SILVINA,O230 4666008  1532149211,,3,63,Teatro,,
NORTHHILS,1,2024,1,2.024,VIVALDI Y CAMAÑO,1132149211,sgarciaferrer@colegionorthills.com.ar,,,Viajera,,
NTA SR itati,1,2019,1,2.019,LILIAN,11524 73678,,3,33,Teatro,,
NTA SRA ASUNCION,1,2017,1,2.017,LILIANA,115247 3678,,3,73,Teatro,,
NTA SRA DE GRACIAS,1,2017,1,2.017,CLAUDIA,4918 2570,,4,24,Teatro,,
NTA SRA DE LAS NIEVES,1,2017,1,2.017,LIDIA,4641 4171,,J,75,Teatro,,
NTA SRA DE LUJAN,1,2018,1,2.018,ANALIA,4631 1989  1164637631,,123,84,Teatro,,
NTA SRA DEL ROSARIO,1,2022,1,2.022,ALDANA,1159561104,,3,42,Teatro,,
NTA SRA DEL VALLE,1,2019,1,2.019,LUCIANA,4451 3898  1164388747,,3,33,Teatro,,
NTA SRA GRACIAS,1,2017,1,2.017,ROXANA,,,J,27,Teatro,,
NTA SRA LUJAN FLORES,1,2018,1,2.018,ANALIA,4631 1989  116463 7631,,123,45,Teatro,,
NTA SRA LUJAN PQUE PATRICIOS,1,2025,1,2.025,SOL RODRIGUEZ,1164601563,,2,29,Teatro,,
NTA SRA MISERIC,1,2018,1,2.018,CARLA,4631 0316   156631 2001,,J,26,Teatro,,
NTA SRA MISERICOR,1,2018,1,2.018,CARLA,4631 0316  1566312001,,J,26,Teatro,,
NTA SRA PILAR,1,2018,1,2.018,TERU,4807 3641 1561642063,,12,76,Teatro,,
NTA SRA ROSARIO POMPEYA,1,2024,1,2.024,ANTONELA,1168686597,,2,52,Teatro,,
NTA SRA SOCORRO,1,2017,1,2.017,MELINA,4567 1175,,2,54,Teatro,,
NTRA SRA LOURDES,1,2019,1,2.019,VIVIANA TRANSPORT,115178 9048,,5,105,Teatro,,
NTRA SRA LUJAN PQUE PATRICIOS,1,2025,1,2.025,SOL RODRIGUEZ,1164601563,,2,16,Teatro,,
NTRA SRA MISERICORDIA,1,2019,1,2.019,JULIA,4805 5478  155833 6146,,2,35,Teatro,,
NTRS SRA MILAGROS,1,2022,1,2.022,ANALIA,1565409659,,5,30,Teatro,,
NTRS SRA ROSARIO,1,2022,1,2.022,KARINA,1132825510,,5,56,Teatro,,
NUESTRA SRA ROSARIO,1,2019,1,2.019,CARLOS,4755 4934 155054 0676,,4,28,Teatro,,
Ntra. Sra misericordia,1,2022,1,2.022,MARIA JOSE,1131223011,,1,43,Teatro,,
OAK HILL HICE FACTURA,1,2025,1,2.025,MARIA,1158979858,,J,43,Teatro,,
OAK HILL NUÑEZ,1,2024,1,2.024,PADRE CANAVERI 7557,1159204354,,,,Viajera,,
OBLIGADA,1,2025,1,2.025,ALICIA NELSON,2215316917,,,,Viajera,,
OBLIGADA ESTAB LA VUELTA,1,2025,1,2.025,VERONICA,1155982757,,,,Viajera,,
OJO 18 DIST 6,1,2017,1,2.017,MARCELA,156738 5863,,3,60,Teatro,,
OJO 23 DIT 18,1,2019,1,2.019,GERMAN,1523080 364,,4,40,Teatro,,
OLIVOS DEL SOL,1,2019,1,2.019,IRMA,15406 57042,,4,61,Teatro,,
OXFORD,1,2017,1,2.017,LAURA,4581 4640,,J,22,Teatro,,
P SOCORRO,1,2019,1,2.019,CELESTE,4567 1177  1563088 669,,2,56,Teatro,,
PAERMO CHICO,1,2018,1,2.018,CAROLINA,4774 3970  156742  6970,,3,54,Teatro,,
PATOCINIO SAN JOSE,1,2019,1,2.019,CECILIA,4784 4500   155905 4123,,J,28,Teatro,,
PATROCINIO SAN JOSÉ,1,2022,1,2.022,SOFI,1150177050,,45,57,Teatro,,
PATROCINIO SANJOSE,1,2018,1,2.018,MARIA LAURA,4784 4500 15409 66229,,1,80,Teatro,,
PEQUEÑO CORAZON,1,2019,1,2.019,139,91,,,82,Teatro,,
PEQUEÑO CORAZÓN,1,2019,1,2.019,57,287,,,259,Teatro,,
PETCOCHE,1,2018,1,2.018,MAIA,4824 2389  155695 1440,,24,56,Teatro,,
PEÑALOZA,1,2019,1,2.019,LUCAS,15381985 91,,SEC,79,Teatro,,
PINOCHO,1,2017,1,2.017,GISEL,155951 6303,,J,30,Teatro,,
PROVIDENCIA,1,2018,1,2.018,ANDREA,4305 8077  1166214970,,J,33,Teatro,,
PULPERÍA Y GRAN SEMANA,1,2025,1,2.025,SANDRA,1124571649,,,,Viajera,,
RACHELE COURTS,1,2025,1,2.025,RACHELE,1126663938,,,2,Teatro,,
RAYITO DE SOL 90.000,1,2025,1,2.025,ANTONELLA,1131241447,,J,25,Teatro,,
RESURRECCIÓN,1,2025,1,2.025,MARICRUZ,1153071327,,123,76,Teatro,,
ROCA,1,2017,1,2.017,LILIANA,1530 849003,,2,80,Teatro,,
ROCA HURLIGHAN,1,2018,1,2.018,LILIANA,153084 9003 TRANSP,,1,90,Teatro,,
ROCA HURLINGHAN,1,2017,1,2.017,LILIANA,153084 9003,,1,90,Teatro,,
RUBEN DARIO,1,2017,1,2.017,GABRIELA,4768 5623,,2,61,Teatro,,
RYANS,1,2017,1,2.017,TERESA,156657 7437,,4,18,Teatro,,
S.MAXILIMILIAN KOLBE,1,2018,1,2.018,MARGARITA,4551 5555  156910 4327,,123,75,Teatro,,
SACRATISIMO,1,2018,1,2.018,LAURA ojo,1530 177436,,4,60,Teatro,,
SAGRAD FAMILIA,1,2017,1,2.017,TERESA,4601 1105,,SEC,60,Teatro,,
SAINT MARTIN,1,2019,1,2.019,FABIANA,4780 2050  1551113273,,3,29,Teatro,,
SAINT MARTIN IN THE FIELD,1,2018,1,2.018,MARIAN A,47802 050    1549388558,,123,83,Teatro,,
SAN ALFONSO,1,2017,1,2.017,ELIANA,4981 6615,,1,65,Teatro,,
SAN ALFONSO B VIS,1,2017,1,2.017,NANCY VERA,4668 4010,,4,61,Teatro,,
SAN AMTONIO,1,2017,1,2.017,CRISTINA,4762 5021,,1,37,Teatro,,
SAN ANT DE PADUA,1,2017,1,2.017,GABRIEA,4918 0640,,4,34,Teatro,,
SAN ANTONIO DEVOTO,1,2018,1,2.018,TAMARA,4501 9652  155485 0569,,J,40,Teatro,,
SAN ANTONIO MUNRO,1,2018,1,2.018,CRISTINA |4509 6464,4762 5021  156450 6352,,2,34,Teatro,,
SAN BENITO PALERMO,1,2019,1,2.019,MAGALI,1561 678939,,4567,71,Teatro,,
SAN C. BORROMEO $90.000,1,2025,1,2.025,ANA,1163063373,,2,45,Teatro,,
SAN CAYETANO BELG,1,2019,1,2.019,FLORENCIA KARINA,4783 0889  153310 2700,,J,28,Teatro,,
SAN COSME,1,2025,1,2.025,EUGENIA,1164458663,,5,29,Teatro,,
SAN FRANCISCO J,1,2018,1,2.018,ANGIE,4831 02333  1561111839,,12,118,Teatro,,
SAN ISIDRO,1,2024,1,2.024,PAULA,1164778869,,2,53,Teatro,,
SAN ISIDRO LAB,1,2017,1,2.017,LUCIA,155402 3941,,4,63,Teatro,,
SAN JOSE,1,2024,1,2.024,LUCITA,1132473029,,4,30,Teatro,,
SAN JOSE DEVOTO,1,2019,1,2.019,EVELIN,4501 1125  15306933 55,,4,60,Teatro,,
SAN JOSE OBRERO CASEROS,1,2017,1,2.017,DANIELA,153183 2958,,SEC,26,Teatro,,
SAN JOSE PALABRA DIOS,1,2019,1,2.019,MELINA,477 0891  1530712811,,,33,Teatro,,
SAN LADISLAO,1,2017,1,2.017,NANCY BELMONTE,4799 5044,,J,19,Teatro,,
SAN MARRTIN DE TOURS,1,2024,1,2.024,ANALIA,1168061706,,12,71,Teatro,,
SAN MART,1,2017,1,2.017,82,148,,,136,Teatro,,
SAN MARTIN,1,2024,1,2.024,DON TORCUATO,1141985660,colegiosanmartinprimaria@yahoo.com.,,,Viajera,,
SAN MARTIN  5 PAGAS,1,2024,1,2.024,JOSE (SEÑA F),1134627006,,1,57,Teatro,,
SAN MARTIN ITUZAINGO,1,2022,1,2.022,ADRIANA,1169257472,,123,93,Teatro,,
SAN MATEO,1,2019,1,2.019,MARCELA ISEIRA,4790 8211 1568306885,,3,34,Teatro,,
SAN NICOLAS,1,2017,1,2.017,SILVIA AREIZ,4790 5111,,1,59,Teatro,,
SAN NICOLAS OLIVOS,1,2019,1,2.019,SILVIA,4790 5111  1541 856590,,2,49,Teatro,,
SAN PABLO $90.000.-,1,2025,1,2.025,MICA,1135592256,,J,44,Teatro,,
SAN PATRICIO,1,2018,1,2.018,FLORENCIA,4545 7746  15306 00203,,2,72,Teatro,,
SAN PEDRO NOLASCO,1,2025,1,2.025,SOL,1136066275,,J,37,Teatro,,
SAN VICEBNTE PAUL,1,2019,1,2.019,AEJANDRA,4635 3792  1556606822,,3,26,Teatro,,
SAN VICENTE PALOTI,1,2018,1,2.018,GISELA,156780 4982,,46,50,Teatro,,
SAN VIVENTE PAUL,1,2019,1,2.019,ELIZABETH,4635 3792  154194 7677,,3,30,Teatro,,
SAN VTE DE PAUL POMP,1,2018,1,2.018,ANDREA,4911 0783  1156399613,,2,29,Teatro,,
SANTA CATALINA,1,2022,1,2.022,VALERIA 45524353,1551162429,,2,63,Teatro,,
SANTA CRUZ,1,2019,1,2.019,CLAUDIA,4924 3119    1556388 930,,,105,Teatro,,
SANTA HILDA,1,2024,1,2.024,ISABEL LA CATOLICA 1710,44526647129,mcarbonell@sthildas.esc.edu.ar,,,Viajera,,
SANTÍSIMO,1,2024,1,2.024,ROXANA,1149913109,,4,23,Teatro,,
SARMIENTO,1,2024,1,2.024,LUPE,91030133015,emsprimaria@gmail.com,,,Viajera,,
SARMIENTO HURLINGHAN,1,2018,1,2.018,LILIANA,1530 84 9003 TRANSPORT,,12,55,Teatro,,
SCHILER SCHULE,1,2017,1,2.017,MARIANA,4501 5929,,J,33,Teatro,,
SEC 2 LOMA HERMOSA,1,2018,1,2.018,EUGENIA,4739 0216 116531 4974,,SEC,60,Teatro,,
SENDERO LUNA,1,2018,1,2.018,LAURA,4452 7441 114057 1129,,J,30,Teatro,,
SENDEROS,1,2018,1,2.018,BELEN,4551 5624  1556 301777,,7,26,Teatro,,
SEPTIEMBRE,1,2024,1,2.024,GISELLE,1168224243,,5Y6,33,Teatro,,
SGO CORAZÓN ALMAGRO,1,2025,1,2.025,ANA OTERO,1156648036,,J,27,Teatro,,
SHANROCK $90.000,1,2025,1,2.025,PATRICIA,1168894250,,J,24,Teatro,,
SIGLO 21 ITUZAINGO,1,2019,1,2.019,FABIANA,4621 0616  1533582375,,6,42,Teatro,,
SJESUS EN EL HUERTO,1,2018,1,2.018,FABIANA,156498 9563,,2,51,Teatro,,
ST MARGARETH,1,2018,1,2.018,NATALIA,4551 2000  15570571 90,,2,42,Teatro,,
ST MARTIN IN THE FIELD,1,2019,1,2.019,DANIELA,4780 2050  153670 2930,,J,37,Teatro,,
ST MARTIN IN THE HILL,1,2022,1,2.022,JOSEFINA,1134627006,,123,78,Teatro,,
ST MARTIN IN THE HILS,1,2022,1,2.022,SILVIA,1569825309,,4,30,Teatro,,
ST PATRICK,1,2019,1,2.019,GLADIS,4545 7466  154172 5746,,2,80,Teatro,,
STA MAGADALENA,1,2017,1,2.017,MARIA,4790 3881,,1,27,Teatro,,
STA MARGARITA BELGR,1,2017,1,2.017,SILVIA TERNE,15621 88911,,2,25,Teatro,,
STA MARIA DE LOS AN,1,2017,1,2.017,MIRIRAM,4542 2089 INT 3,,2,30,Teatro,,
STA MARIA DE LOS ANG,1,2017,1,2.017,MIRIRAM,4542 2089 INT 3,,2,30,Teatro,,
STA MARIA NAZARET,1,2018,1,2.018,ADRIANA GANDARA,4541 6058       15351414 39,,J,48,Teatro,,
STA RITA,1,2025,1,2.025,LUZ,1120466828,,2,68,Teatro,,
STA SUSANA,1,2018,1,2.018,CECILIA,155821 806,,J,30,Teatro,,
STA TERESA JESUS,1,2018,1,2.018,VALERIA,4801 5354  113392 1877,,3,67,Teatro,,
STO DOMINGO,1,2017,1,2.017,ISABEL,4658 0136,,3,60,Teatro,,
STO TOMAS,1,2017,1,2.017,PATRICIA,4658 2851,,3,65,Teatro,,
SUSSINI $90.000.-,1,2025,1,2.025,1162824597,FLOR,,1,27,Teatro,,
SWOR,1,2018,1,2.018,ANA INT 50,4552 2498  1554878357,,J,50,Teatro,,
SWORM,1,2019,1,2.019,INES LEDESMA,4552 2498  1145307042,,3,41,Teatro,,
San pablo hurlinghan,1,2019,1,2.019,MELINA,4665 3309  1564471248,,1,48,Teatro,,
T JEFFERSON,1,2017,1,2.017,NURI,0237 4632445,,J,54,Teatro,,
TEATRO DELTA SCHOOL,1,2024,1,2.024,,,,,,Viajera,,
TESORO,1,2025,1,2.025,,1136835619,,,,Viajera,,
TOMAS JEFFERSON,1,2024,1,2.024,MORENO,1157528647,primariajeff@gmail.com,,,Viajera,,
VELEZ SARFIELD,1,2019,1,2.019,CECILIA,5263 2620  1560297814,,2,49,Teatro,,
VIAJE,1,2025,1,2.025,LAURA RUSO,1157528647,,,,Viajera,,
VIAJE Y ORIGINARIOS,1,2025,1,2.025,MARIANGELES,1161568382,,,,Viajera,,
VIAJECITOS,1,2025,1,2.025,FABIANA,1164989563,,,,Viajera,,
VICENTE PAUL POMPEYA,1,2018,1,2.018,ANDREA,115639 9613,,1,30,Teatro,,
W CAXTON,1,2019,1,2.019,SILVANA,4790 2656 1157297116,,1,25,Teatro,,
WARD 7 A SEC,1,2017,1,2.017,LORENA GONZALEZ,4658 5448,,ESP SEC,45,Teatro,,
WARD ESP. SECUN,1,2018,1,2.018,LORENA GONZALEZ,11617 68127,,SEC  ESP,40,Teatro,,
WASHINTON SCHOOL,1,2017,1,2.017,MAGALI,4772 8131,,J,54,Teatro,,
WATSON,1,2019,1,2.019,LORENA,4521 5180  155094752,,3,39,Teatro,,
WELLSPRING,1,2024,1,2.024,LAS CAMELIAS 3883,1150491356,g.splett@wellspring.edu.ar,,,Viajera,,
WOLSSOHN,1,2018,1,2.018,MARCELA,454 6020 1558000 831,,1,50,Teatro,,
ZACARIA,1,2017,1,2.017,STELLA MARIS,15610446 32,,56,60,Teatro,,
ZACARIAS,1,2017,1,2.017,STELLA MARIS,15610 44632,,67,55,Teatro,,
bernasconi esc 2,1,2017,1,2.017,daniela,15522  14 748,,1,64,Teatro,,
ep 28 HURLINGAHN,1,2017,1,2.017,SABRINA,4665 4166,,43,72,Teatro,,
esc 23 y 21 jin d 7,1,2018,1,2.018,carla lorena,4958  5413  1558338548,,j,35,Teatro,,
jardin de palermo,1,2018,1,2.018,gimena,4822 8731  154937 7105,,J,43,Teatro,,
jin 24 dist 17,1,2019,1,2.019,M FERNANDA,4567 8257  15560 52083,,J,25,Teatro,,
jin a 7 dist 9,1,2019,1,2.019,TAMARA,45555432 1568753 222,,J,47,Teatro,,
jin d dist 7,1,2017,1,2.017,MARITE,5197 2975,,J,33,Teatro,,
la asunción,1,2017,1,2.017,LILIAN,1152473678,,3,70,Teatro,,
la casita de angi,1,2017,1,2.017,mafi,4544 1881,,j,30,Teatro,,
united,1,2019,1,2.019,cintia,4783 3006  155869978,,4,46,Teatro,,